ID,Title,Location,Salary,Summary
https://kr.indeed.com/viewjob?jk=6039166822dfd1c1,한글과컴퓨터  2022년  신입/경력직  수시,성남  분당구,정규직,응용프로그래머>클라우드|인터넷·IT·통신·모바일·게임>응용프로그래머>  Python|인터넷·IT·통신·모바일·게임>네트워크·서버·보안>UNIX·LINUX...  통신·모바일·게임>웹프로그래머>  Python|인터넷·IT·통신·모바일·게임...
https://kr.indeed.com/viewjob?jk=1015284880e2ff62,라인프렌즈  2022년  각  부문  수시,서울  용산구,정규직,통신·모바일·게임>웹프로그래머>  Python|인터넷·IT·통신·모바일·게임...  자바스크립트|인터넷·IT·통신·모바일·게임>빅데이터·AI(인공지능)>  Python|마케팅·광고·홍보·조사>마케팅>마케팅기획|마케팅·광고·홍보·조사>마케...
https://kr.indeed.com/viewjob?jk=fe369e62505e7be4,신입/경력사원,서울  마곡역,,"Script  작성  /  자동화  검증  수행  [경험/역량]  -  C/C++/  Python  등  프로그래밍  역량  보유  및  관련  프로젝트  수행  ·  수행  이력에  대한...  W  개발  경험  -  C,  Python  언어  개발  경험  보유..."
https://kr.indeed.com/viewjob?jk=ad8aeb7f2e7a4858,디지털전략본부  경력직  공개(하반기),서울  영등포구,정규직,통신·모바일·게임>빅데이터·AI(인공지능)>데이터분석|인터넷·IT·통신·모바일·게임>빅데이터·AI(인공지능)>  Python|인터넷·IT·통신·모바일·게임>빅데이터·AI(인공지능)>머신러닝|인터넷·IT·통신·모바일·게임>빅데이터...
https://kr.indeed.com/viewjob?jk=24d38e6721dfb0e4,백엔드  개발자(Python),서울  서초구,정규직,주식회사  액스  백엔드  개발자(  Python)  기업소개  We’re  Digitizing  the  Supply  Chain  for  Travel...  웹프로그래머>백엔드|인터넷·IT·통신·모바일·게임>웹프로그래머>  Python
https://kr.indeed.com/viewjob?jk=659e8fe1fe7f9089,Data/Digital  Analyst,서울,"연봉  56,000,000원정규직","MS  Excel  skills.  Other  data  analytics  skills  like  SQL,  R  or  Python  would  be  an  advantage  *  Strong  quantitative  skills..."
https://kr.indeed.com/viewjob?jk=4cf24d3dd5919469,딥러닝  기반  Computer  Vision  개발자,서울  중구,정규직,"머신  러닝,  컴퓨터  비전  기술  이해도  및  구현  역량한  가지  이상의  AI  라이브러리  및  플랫폼에  대한  깊은  경험  Python,  C/C++  기반  OpenCV  로직  개발  경험Open  Source  단순  활용을  넘어  기능  개발  및  버그..."
https://kr.indeed.com/viewjob?jk=e0a4a749c585325e,2022  하반기  DGB금융지주  전문직  요강,서울  중구,정규직  +1,인터넷·IT·통신·모바일·게임>응용프로그래머>자바스크립트|인터넷·IT·통신·모바일·게임>응용프로그래머>  Python|인터넷·IT·통신·모바일·게임>웹기획·웹마케팅·PM>제안·컨설팅|인터넷·IT·통신·모바일·게임>HTML·퍼블리...
https://kr.indeed.com/viewjob?jk=889ce94eaaf84122,[NAVER  Z]  데이터  엔지니어,성남  분당구,정규직,"및  필요  역량-  관련  분야  개발  경력  3년  이상-  Scala/Java/  Python,  Spark,  Kafka(Stream)  기반  빅  데이터  처리  경험이...  통신·모바일·게임>응용프로그래머>  Python|인터넷·IT·통신·모바일·게임..."
https://kr.indeed.com/viewjob?jk=44e9ac7f0f94e784,한국필립모리스  2022년  상반기  수시,서울  영등포구,정규직,통신·모바일·게임>웹프로그래머>  Python|인터넷·IT·통신·모바일·게임...  용프로그래머>자바스크립트|인터넷·IT·통신·모바일·게임>응용프로그래머>  Python|인터넷·IT·통신·모바일·게임>시스템프로그래머>펌웨어·어셈블러|인터...
https://kr.indeed.com/viewjob?jk=0110c83e312003be,2022년  메타버스  아카데미  1기  교육생  추가,성남  분당구,정규직,웹프로그래머>  Python|인터넷·IT·통신·모바일·게임>웹프로그래머>JAVA|인터넷·IT·통신·모바일·게임>웹프로그래머>HTML·DHTML·mHTML|인터넷·IT·통신·모바일·게임>빅데이터·AI(인공지능)>  Python|인터넷...
https://kr.indeed.com/viewjob?jk=37f51a8d4e34cfce,[넥슨코리아]  클라우드  시스템  엔지니어,경기도  성남,,트워크  관련  기반  지식  보유  -  Python/Bash/Powershell...  MSA  환경의  서비스  운영  경험  -  서비스  아키텍처  제안  경험  -  Python/Go/Java  등  1개  이상의  개발  경험  기타사항  -  본  공고는...
https://kr.indeed.com/viewjob?jk=d817970725257c48,Machine  Learning  Engineer,서울,"연봉  51,969,100원  -  77,953,600원정규직",maintain  ML  solutions  *  Experience  in  Python  programming  language  and  frameworks...  systems  (e.g  Python).  *  Research...
https://kr.indeed.com/viewjob?jk=be6e40465e851e7d,[외국계상장사]데이터분석가(Data  Analyst),서울,"연봉  120,000,000원정규직","마케팅  &  미디어  &  고객  데이터  분석을  통한  전략  수립  경험  -  영어  능통자  *우대사항*  -  R,  Python,  SQL  -  프로그래머틱  광고  플랫폼에  대한  경험  및  이해도  -  클라이언트  매니지먼트  경험  근무  형태..."
https://kr.indeed.com/viewjob?jk=67c19d7ac0857ecd,빅데이터  분야,서울,,"데이터  분석  모형  개발  ①  R,  Python,  SQL  등  데이터  분석  도구...  분석  관련  자격  보유(빅데이터분석기사,  ADsP,  ADP  등)  -  R/  Python/SQL  등을  사용하여  데이터를  핸들링하고  대규모  데이터  셋에서  분석..."
https://kr.indeed.com/viewjob?jk=a28cfcec0a3ee874,LG이노텍  AI/BigData  석박사  신입사원/산학장학생,서울  강서구,,"머신러닝/딥러닝  프레임워크  활용  스킬(  Python,  PyTorch  등)  -  SW  프로그래밍  스킬(  Python,  C/C++  등)  -  DB  활용  스킬...  Python,  PyTorch  등)  -  SW  프로그래밍  스킬(  Python..."
https://kr.indeed.com/viewjob?jk=1601f1bfe3302af5,2022년  상반기  백엔드  개발자,성남  분당구,정규직  +1,"및  경력자  우대  -  IT관련  경진대회  수상자  우대  -  JS,  PHP,  Python  등  Back  End  관련  프로젝트  경험자  우대  -  SQL관련  자격증...  진대회  수상자-  JS,  PHP,  Python  등  Back  End  관련  프로..."
https://kr.indeed.com/viewjob?jk=287a2f9783758916,한국행동과학연구소  각  부문  수시,서울  강남구,정규직  +1,"CSS3,  모바일  프로젝트  및  반응형  웹구축  경험,  교육이수자  백엔드개발자  -  개발  및  유지보수  -  java,  python,  php,  nodejs  사용자-  oracle,  mysql  등  유경험자  근무조건  경영·인사·총무·사무..."
https://kr.indeed.com/viewjob?jk=0cb4a784529cb1b8,Software  Engineer,서울,정규직,"languages,  including...  limited  to:  C++,  Java,  C,  and  Python.  Excellent  verbal  and  written  communication  skills.  About..."
https://kr.indeed.com/viewjob?jk=5fe21ceab5a3ce0b,연구소  R&D  인프라  운영,성남  분당구,,"람들과  소통  능력  및  협업  경험  우대사항  -  개발프로젝트  참여  경험  -  클라우드  서비스  운영  경험  -  Python,  Groovy,  Java  등  개발언어  가능  -  가상화  인프라(vSphere  등)  나  Docker  활용..."
https://kr.indeed.com/viewjob?jk=d364360d1e0368e3,Python  기반  빅데이터  처리  개발자,서울  서초구,정규직,인터넷·IT·통신·모바일·게임>응용프로그래머>  Python|인터넷·IT·통신·모바일·게임>빅데이터·AI(인공지능)>  Python|인터넷·IT·통신·모바일·게임>빅데이터·AI(인공지능)>빅데이터|인터넷·IT·통신·모바일·게임...
https://kr.indeed.com/viewjob?jk=f544b8043a0cede5,Data  Scientist,서울,,"testing,  classification,  or  clustering  Experience  with  Python  programming  language  and  writing  SQL  queries  Bachelor’s  degree..."
https://kr.indeed.com/viewjob?jk=4ed6582dcb0007db,전남  ICT이노베이션스퀘어  5기,서울,정규직,통신·모바일·게임>빅데이터·AI(인공지능)>데이터분석|인터넷·IT·통신·모바일·게임>빅데이터·AI(인공지능)>  Python|인터넷·IT·통신·모바일·게임>빅데이터·AI(인공지능)>머신러닝|인터넷·IT·통신·모바일·게임>빅데이터...
https://kr.indeed.com/viewjob?jk=e1f07ba580132402,[TmaxOS/R&D]  OS부문  개발자,성남  분당구,정규직,솔루션  개발  [주  사용  언어]  -  C/C++  -  JavaScript/TypeScript  -  Java  -  Python  자격요건  (공통)  해외  여행에  결격  사유가  없는  자  -  4년제  대졸(학사)  이상  /  기졸업자  또는  23년...
https://kr.indeed.com/viewjob?jk=b43f78f340314d3e,[코어라인소프트]  인공지능  엔진  및  영상처리  개발자  찾습니다.,서울  마포구,정규직,바일·게임>빅데이터·AI(인공지능)>인공지능(AI)|인터넷·IT·통신·모바일·게임>빅데이터·AI(인공지능)>  Python|전자·기계·기술·화학·연구개발>광학·의료장비>AI의료|전자·기계·기술·화학·연구개발>광학·의료장비>의료영...
https://kr.indeed.com/viewjob?jk=ccd1d43784d307da,AWS  클라우드엔지니어,서울  마포구,,관리|인터넷·IT·통신·모바일·게임>ERP·시스템분석·설계>AWS|인터넷·IT·통신·모바일·게임>웹프로그래머>PHP  |인터넷·IT·통신·모바일·게임>웹프로그래머>JAVA|인터넷·IT·통신·모바일·게임>웹프로그래머>  Python
https://kr.indeed.com/viewjob?jk=bd4560a615f241cc,[일  7시간]  PHP  웹  백엔드  개발자,성남  분당구,정규직,통신·모바일·게임>웹프로그래머>  Python|인터넷·IT·통신·모바일·게임...  프로그래머>자바스크립트|인터넷·IT·통신·모바일·게임>응용프로그래머>  Python|인터넷·IT·통신·모바일·게임>데이터베이스·DBA>데이터사이언스|인터...
https://kr.indeed.com/viewjob?jk=a6ccd440c6c74b6a,Staff  Data  Analyst  (Eats  Strategy),서울,,"experience  with  Python  as  a  plus  Previous...  Statistics)  공학  및  비지니스  학위  (석/박사  or  MBA)  Python을  사용한  실무  경험자  이커머스,  음식배달업계,  또는  IT  산업  경험..."
https://kr.indeed.com/viewjob?jk=e30fe92d72ceb17c,"자율  주행,  로봇  SW  개발자",성남  수정구,정규직,"(주)에바  모집부문  및  자격요건  모집부문  담당업무  자격요건  인원  자율주행  SW  엔지니어  Python응용SW  [담당업무]ROS  개발,  로봇  주행  알고리즘  개발,  SW  Optimization[근무부서  및  직급/직책]근무부서:  개발팀..."
https://kr.indeed.com/viewjob?jk=a8a2e292ef8b0528,(신입/인턴)  리서치  사회조사  연구원,서울  성동구,"연봉  28,000,000원  -  30,000,000원인턴","PowerPoint  이용  문서작성  능숙자  SPSS,  AMOS,  R,  Python  등  관련  툴  사용  가능자  주식회사  리서치앤유  (신입/인턴)  리서치...  능숙자SPSS,  AMOS,  R,  Python  등  관련  툴  사용  가능자[우대..."
https://kr.indeed.com/viewjob?jk=c06905fe61fc2dd6,Database  Engineer  (DBA),서울  중구,정규직,"운영  경험  보유–  DBMS  및  Linux  에  대한  전반적인  이해–  Python,  bash,  go  스트립팅  언어에  능통–  논리적인  문제  해결,  협업  및...  좋습니다.우대사항–  (우대)  Python/Shell  script  가능자..."
https://kr.indeed.com/viewjob?jk=637daa5067e55e6c,"의료영상,  인공지능  외  신입/경력  정규직,  인턴",서울  강남구,정규직  +1,하드웨어>소프트웨어|인터넷·IT·통신·모바일·게임>빅데이터·AI(인공지능)>인공지능(AI)|인터넷·IT·통신·모바일·게임>빅데이터·AI(인공지능)>  Python|인터넷·IT·통신·모바일·게임>빅데이터·AI(인공지능)>머신러닝
https://kr.indeed.com/viewjob?jk=595c29728f37c032,[도쿄일렉트론코리아]  2022년  상반기  2차  추가,경기도  화성,정규직,게임>빅데이터·AI(인공지능)>  Python|인터넷·IT·통신·모바일·게임...  인터넷·IT·통신·모바일·게임>응용프로그래머>  Python|인터넷·IT·통신·모바일·게임>웹프로그래머>  Python|경영·인사·총무·사무>총무·법무·특허...
https://kr.indeed.com/viewjob?jk=77a79f333becb836,클라우드  엔지니어,성남  분당구,정규직,클라우드|인터넷·IT·통신·모바일·게임>응용프로그래머>JAVA|인터넷·IT·통신·모바일·게임>응용프로그래머>  Python|인터넷·IT·통신·모바일·게임>ERP·시스템분석·설계>AWS|인터넷·IT·통신·모바일·게임>데이터베이스...
https://kr.indeed.com/viewjob?jk=8a7c4886df34e482,Python  서버  어플리케이션  개발자,서울  송파구,정규직,"담당업무]개발자  -  개발자  -  Python  프로그래밍과  Java,  C  소스...  담당업무]ㆍ  Python,  Kafka를  활용한  차세대  데이터  시스템  개발ㆍ실시간  대용량  로그  수집,  분석,  저장[필요기술]ㆍ  Python  프로그래밍과..."
https://kr.indeed.com/viewjob?jk=f10f40f07ee55b7d,[진행중]  빅데이터사업부  전문직(데이터  사이언티스트)  채용공고,서울  회현동,계약직,"컴퓨터공학)/수학/통계  관련  전공자  -  은행,  카드,  보험  등  금융  데이터  활용  분석  경험  보유자  -  Python/R/Java  등  분석  및  프로그래밍  언어  사용  경험자  -  상품  추천,  이탈  예측,  VOC  분석(STT..."
https://kr.indeed.com/viewjob?jk=d7bef71f836bc89e,[신입/경력]  영상  인식  알고리즘  개발자,서울  구로구,정규직,"1)  주요  업무  분야  :  머신  비젼,  영상  처리,  딥러닝  알고리즘  2)  사용  언어  :  C,  C++,  Python  3)  TensorFlow,  Deep  Learning  관련  지식  보유자  우대  4)  Vision,  Image..."
https://kr.indeed.com/viewjob?jk=22ffe020e40de675,[포티투마루]  인공지능(AI)  개발자  전  부문,서울  서초구,정규직,인터넷·IT·통신·모바일·게임>빅데이터·AI(인공지능)>  Python|인터넷·IT·통신·모바일·게임>빅데이터·AI(인공지능)>머신러닝|인터넷·IT·통신·모바일·게임>빅데이터·AI(인공지능)>딥러닝|인터넷·IT·통신·모바일·게임...
https://kr.indeed.com/viewjob?jk=78e99625e5de3c95,전문연구요원  (병역특례)  수시  (AI  /  HW  분야),성남  분당구,"연봉  40,000,000원  -  100,000,000원정규직","모델의  RTL  IP  설계  및  IP  검증  가능자  -  Language:  Python/Perl,  C/C++  [우대  조건]  -  ARM  based  SoC  설계...  Linux,  shell,  tcl,  python,  perl  사용  원활..."
https://kr.indeed.com/viewjob?jk=abdc136f65ceddd4,AI  분야,서울,,"무를  경험하면서  조직과  함께  성장하고  싶으신  마인드를  보유하신  분  -  Python  및  PyTorch,  Tensorflow  등과  같은  딥러닝  프레임워크...  경력자  가능  -  C/C++,  Python,  딥러닝  프레임워크(PyTorch..."
https://kr.indeed.com/viewjob?jk=9b42d30ef3887123,제어  엔지니어  신입  (전문연구요원),서울  강남구,정규직,전공-  Matlab  /  Simulink  프로그래밍  사용  가능자[우대사항]-  컨트롤러  설계  경험  -  C  또는  Python  프로그래밍  역량  -  운전  가능자-  석사학위  소지자  전문연구요원  가능  1  명  근무조건  고용형태:  정규직근무...
https://kr.indeed.com/viewjob?jk=0e26e1dda4b9970b,악성코드  및  엔드포인트  보안  엔지니어  모집,성남  판교역,정규직,"ELK,  SOAR,  EDR,  NAC,  PMS  등)  이슈를  적극적으로  발견하고  개선하고자  하는  능동적인  성격  Python/Linux  shell  script  중급  이상  가능자  지원프로세스  서류전형  >  원격  인터뷰  >  1차..."
https://kr.indeed.com/viewjob?jk=27f7ebc3b51669eb,한국소방안전원  2022년  제1차  계약직,서울  영등포구,정규직  +1,통신·모바일·게임>빅데이터·AI(인공지능)>데이터분석|인터넷·IT·통신·모바일·게임>빅데이터·AI(인공지능)>  Python|인터넷·IT·통신·모바일·게임>빅데이터·AI(인공지능)>머신러닝|인터넷·IT·통신·모바일·게임>빅데이터...
https://kr.indeed.com/viewjob?jk=f870e8c6ab4babcf,데이터  엔지니어/클라우드  엔지니어/데이터  플랫폼  개발분야  경력사원,서울특별시,,"등)  사용한  대용량  데이터  처리  유경험자  (Customization/Tuning  경험  포함)  -  Python,  Java,  JS  Framework,  Spring  Framework  등  프로그래밍  역량  보유  -  SQL  능숙하고..."
https://kr.indeed.com/viewjob?jk=4abf59df14cb4390,서버  개발자  Python(Django)  Developer  (주니어),서울  마포구,정규직,요건-  Python/Django  실무  1~3년-  RDBMS에  대한  기본  지식-  REST  API에  대한  기본  지식-  AWS  등  클라우드  환경에  대한  관심과  경험  인터넷·IT·통신·모바일·게임>웹프로그래머>  Python|인터넷...
https://kr.indeed.com/viewjob?jk=f77f9abb42c655b7,[네이버계열사][NIT  Service]  네이버  파이낸셜  플랫폼  운영,성남  분당구,정규직,"및  어플리케이션  배포  전략  지식  보유  -  Shell  script,  python  및  web  framework  등  기타  프로그래밍  언어  활용  가능...  보유  -  Shell  script,  python  및  web  framework..."
https://kr.indeed.com/viewjob?jk=af507991b784d519,인프라  부문  경력사원  (8월),서울  서초구,,JAVA|인터넷·IT·통신·모바일·게임>응용프로그래머>  Python|인터넷·IT·통신·모바일·게임>웹프로그래머>JAVA|인터넷·IT·통신·모바일·게임>웹프로그래머>  Python|인터넷·IT·통신·모바일·게임>ERP·시스템분석...
https://kr.indeed.com/viewjob?jk=97e9de2381da633d,Kafka  담당자  영입,성남  분당구,정규직,카오페이  크루가  일하는  방법  자세히  보기-  카카오페이  문화에  대해  더  알아보기-  카카오페이  기술  블로그  보러  가기  인터넷·IT·통신·모바일·게임>응용프로그래머>Linux|인터넷·IT·통신·모바일·게임>웹프로그래머>  Python
https://kr.indeed.com/viewjob?jk=5133adebeb209d23,AI  모빌리티  서비스의  미래  함께  열어갈  우수한  인재  찾습니다.,성남  분당구,정규직,인터넷·IT·통신·모바일·게임>응용프로그래머>인공지능(AI)|인터넷·IT·통신·모바일·게임>응용프로그래머>  Python|인터넷·IT·통신·모바일·게임>데이터베이스·DBA>SQL|인터넷·IT·통신·모바일·게임>데이터베이스·DBA>MySQL
https://kr.indeed.com/viewjob?jk=defa6d34b48da188,AI/블록체인  개발자,서울  구로구,정규직,공지능(AI)|인터넷·IT·통신·모바일·게임>빅데이터·AI(인공지능)>  Python|인터넷·IT·통신·모바일·게임>응용프로그래머>인공지능(AI)|인터넷...  통신·모바일·게임>응용프로그래머>  Python|인터넷·IT·통신·모바일·게임...
https://kr.indeed.com/viewjob?jk=9c30497c087dbdbb,Data  Scientist,서울  마포구,정규직,모바일·게임>빅데이터·AI(인공지능)>빅데이터|인터넷·IT·통신·모바일·게임>빅데이터·AI(인공지능)>데이터분석|인터넷·IT·통신·모바일·게임>웹프로그래머>  Python|인터넷·IT·통신·모바일·게임>응용프로그래머>  Python
https://kr.indeed.com/viewjob?jk=7b221453e5de306e,센서  실험실  엔지니어  인턴십  (12개월),서울  강남구,,학사.석사  재학생  및  휴학생  -  Python  등  소프트웨어  언어  사용  경험...  험실  관리  지원-  전공  무관  /  대학교  학사.석사  재학생  및  휴학생-  Python  등  소프트웨어  언어  사용  경험이  있는  분-  12개월  간  업무를  진행...
https://kr.indeed.com/viewjob?jk=b5abb93aa30868f2,클라우드  소프트웨어  개발자,경기도  성남,"연봉  30,000,000원  -  80,000,000원정규직","F에  필요한  제반  기술  -  Client-Server  개발  모델에  익숙하며  RESTFul  개발  경험  -  Python,  JAVA,  NodeJS,  MongoDB  등에  대한  기본적인  이해  및  개발  경험  -  데이터  분석  알고리즘..."
https://kr.indeed.com/viewjob?jk=aa6f254ad2d9c8ed,[Cloud]  클라우드  엔지니어(보안),성남  분당구,정규직,"운영  경험이  있는  분·  하나  이상의  프로그래밍  언어(Javascript,  Python,  Go  등)에  익숙한  분·  클라우드  보안  아키텍쳐(IAM,  SG...  로그래머>클라우드|인터넷·IT·통신·모바일·게임>응용프로그래머>  Python"
https://kr.indeed.com/viewjob?jk=9dd6495ea9317d7c,[kt  cloud]  Cloud운영분야  경력직,서울,정규직,Windows|인터넷·IT·통신·모바일·게임>응용프로그래머>JAVA|인터넷·IT·통신·모바일·게임>응용프로그래머>  Python|인터넷·IT·통신·모바일·게임>네트워크·서버·보안>네트워크구축·운영·관리|인터넷·IT·통신·모바일...
https://kr.indeed.com/viewjob?jk=804b9353ac2b5dfe,페이코  빅데이터  엔지니어링,성남  판교역,,"이상  경험하신  분  -  Hadoop  및  Hadoop  에코  시스템에  대한  이해가  있으신  분  -  Java,  Python,  Scala  중  최소  1가지  언어를  능숙하게  사용  가능하신  분  -  데이터  처리  인프라/파이프라인  구축  및..."
https://kr.indeed.com/viewjob?jk=eb926fc0cbbd16d1,"응용프로그램개발,인공지능(AI),머신러닝,Python,TensorFlow",서울  역삼동,"연봉  30,000,000원  -  40,000,000원정규직","알고리즘,  머신러닝,  Python,  Pytorch,  Tensorflow...  학습모델,  데이터  분석  담당업무  -  알고리즘/머신러닝/학습모델  R&D  -  Python,  Pytorch,  Tensorflow,  TensorRT  코딩..."
https://kr.indeed.com/viewjob?jk=06fd3322fee19596,반도체  IP  SoC  Verification  Engineer,성남  분당구,정규직,"Experience  with  Perl,  Python  or  similar...  System  Verilog,  디지털  시뮬레이션  및  디버깅  지식,  Perl,  Python  또는  이와  유사한  스크립트  언어  3)  선임  PCle  엔지니어..."
https://kr.indeed.com/viewjob?jk=05ded1372870e8c0,"[국내  유명  저축은행]CSS  개발,운영(데이터사이언스)",서울,정규직,"RISK  분석  경험자  3)  R,  Python,  엑셀  활용  가능자  제이엔커리...  CSS,  R,  PYTHON,  리스크분석기타:  1)  CSS  운영,  관리  경험자  2)  금융  RISK  분석  경험자  3)  R,  Python,  엑셀  활용  가능..."
https://kr.indeed.com/viewjob?jk=38521115cdd8bd2e,[글로벌AI]인공지능(AI)  Engineer,서울,"연봉  40,000,000원정규직","커뮤니케이션  -  대화형  AI,  챗봇  개발  및  테스트  *자격요건*  -  경력:  0~2년  -  Java,  Python,  javascript,  Ruby  등의  기술을  보유하신  분  -  기업근무  경험이  없어도  챗봇을  오픈소스  등으..."
https://kr.indeed.com/viewjob?jk=b515669e8032265b,[kt  ds]  2022년  각  부문별  경력사원  수시,서울  서초구,정규직,JAVA|인터넷·IT·통신·모바일·게임>응용프로그래머>C·C++|인터넷·IT·통신·모바일·게임>응용프로그래머>  Python|인터넷·IT·통신·모바일·게임>응용프로그래머>자바스크립트|인터넷·IT·통신·모바일·게임>응용프로그래머...
https://kr.indeed.com/viewjob?jk=46da8199d58ac00c,[TmaxAI/R&D]  NLP/음성  부문  AI모델  개발자(*전문연구요원  병역특례포함),성남  분당구,정규직,"23년  2월  졸업  예정자  [음성,  자연어처리]  -관련  분야의  연구  경험  /  기본  지식  보유자  -기본적인  Python  프로그래밍이  가능하신  분  [감성  분석  /  신사업  솔루션  개발]  -머신러닝  및  딥러닝,  언어모델의  종류와..."
https://kr.indeed.com/viewjob?jk=9a9bd236f2d05ff3,Python  기반  빅데이터분석가,서울  방배동,"연봉  25,000,000원  -  30,000,000원정규직",근무조건  정규직  급여  2500~3000만원  지원자격  신입  학력무관  기업정보  2011년  설립(업력  12년)  사원  25명  비상장  중소기업  상세보기
https://kr.indeed.com/viewjob?jk=d37ee1c76b41a9aa,[기술본부]  데이터거버넌스  엔지니어,경기도  성남,,구축에  대해  경험이  있으신  분  -  SQL  활용  능력이  뛰어나신  분  우대사항  -  경력  3년  이하  -  Python이나  Scala  등과  같은  프로그래밍  언어를  활용하여  ETL  개발이  가능하신  분  -  DB  및  Server...
https://kr.indeed.com/viewjob?jk=bf5697c849191acc,[넥슨코리아]  클라우드  데이터베이스  엔지니어,경기도  성남,,스를  경험하신  분  우대사항  -AWS  대용량  데이터베이스  운영을  경험하신  분  -게임  DBA  유경험자  -  Python/Bash/Powershell  1개  이상의  사용  경험  기타사항  -  본  공고는  채용  완료  시  조기  마감될...
https://kr.indeed.com/viewjob?jk=ce8d603fe0a68951,"C#,  소프트웨어  or  Python  기반  응용  S/W  개발  신입/경력",서울  금천구,정규직,Python  기반  응용  S/W  개발  신입/경력  채용  모집부문  및  자격요건  담당업무  자격요건  인원  [담당업무]C#  S/W  개발  or  Python  기반...  트웨어|인터넷·IT·통신·모바일·게임>빅데이터·AI(인공지능)>  Python
https://kr.indeed.com/viewjob?jk=22dd1d585de8bf7d,"2022년  하반기  6개월  인턴  개발,  품질테스트,  유지관리",성남  분당구,인턴,통신·모바일·게임>전산·IT기술지원>유지보수|인터넷·IT·통신·모바일·게임>웹프로그래머>  Python|인터넷·IT·통신·모바일·게임>응용프로그래머>  Python|인터넷·IT·통신·모바일·게임>빅데이터·AI(인공지능)>  Python
https://kr.indeed.com/viewjob?jk=ce64528cf4a557ab,[산업기능요원]  Software  Engineer,서울,정규직,"Required  Experience/  Qualifications  산업기능요원  편입/전직  자격을  갖고  계신분  Python  개발에  자신  있는  분  다음과  같은  분야에서  하나  이상의  전문성을  갖춘  분  :  프론트엔드  앱,  분산/병렬..."
https://kr.indeed.com/viewjob?jk=84fdcc3c8a8cf47f,퀀트운용본부  직원(신입  및  인턴),대한민국,인턴,"자격요건  -  체험형  인턴  컴퓨터  관련  전공  우대  -  수학,  통계학,  금융공학,  공학계열  전공자  우대  -  Python,  SQL,  VBA  등  프로그래밍  가능자  우대  -  MS  Office등  문서  작업에  능숙한  분  (워드,  엑셀..."
https://kr.indeed.com/viewjob?jk=9a485175597a753c,Software  Engineer,서울  강남구,정규직,"languages,  including...  limited  to:  C++,  Java,  C,  and  Python.Excellent  verbal  and  written  communication  skills.  About..."
https://kr.indeed.com/viewjob?jk=5ab0b45dfa93411b,Data  Engineer  신입사원,서울  강남구,정규직,"분류,  개인정보  비식별화,  불량  코퍼스  필터링  등  다양한  ML  프로젝트  (예정)[자격요건]-  Julia  /  Python  /  R  중에서  자신  있는  프로그래밍  언어가  있는  분-  하나의  데이터도  놓치지  않고  꼼꼼하게  관리할  수..."
https://kr.indeed.com/viewjob?jk=67ebbb84021efd24,2022년  하반기  현대건설기계  경력사원  (건설기계  3社),성남  분당구,정규직,"이상  (공학계열  전공)  ·  경력  3년  이상  -  센서융합/AI객체감지  분야  ※우대사항  ·  C/C  코딩  경험  ·  Python,  ROS  코딩  경험  ·  J1939  CAN  통신  경험  ·  센서  및  제어기  H/W  구성  경험  주요업무  1..."
https://kr.indeed.com/viewjob?jk=058e9510f9548e49,인공지능(딥러닝)  로봇  자동화  소프트웨어  개발자(Python우대),서울  성수동1가,"연봉  30,000,000원  -  40,000,000원정규직","근무조건  정규직  급여  3000~4000만원  직접입력  |  탄력근무제  서울  성동구,  서울  광진구  지하철  서울2호선  뚝섬역  지원자격  신입,  경력  무관,  경력무관  학력무관  우대조건  제대군인,  해당업무  근무경험  기업정보..."
https://kr.indeed.com/viewjob?jk=a2a775a9e48186f0,"[쿠팡물류]  Staff,  Data  scientist  (FTS)",서울,,"5  년  이상의  전문적인  경력을  보유한  자  선호  -  방대한  규모의  데이터를  조작,  알고리즘/모델  개발,  필요한  Python(선호됨)/R/SQL/Spark  에  대한  프로그래밍  경험을  보유한  자  -  뛰어난  분석,  문제  해결  능력을..."
https://kr.indeed.com/viewjob?jk=0859d920f19f3e06,업계  최고  대우로  파이썬(Python)  개발자,서울  강남구,정규직,"직무내용]  -  Python  +  Django  기반의  백엔드  서비스-  NoSQL,  대용량  데이터베이스-  API  서비스  개발-  (옵션)  A.I  또는  Cloud  서비스  개발  [근무시간  및  형태]  주  5일  근무  (오전)  10시  00분..."
https://kr.indeed.com/viewjob?jk=e2f85f15e72b148a,[11번가]  데이터  아키텍처  분야,서울  중구,정규직,"설계하고  필요한  기술set으로  개발하여  서비스에  전달  가능하신  분-  Python,  shell,  Procedure  등을  통한  데이터  처리와  Batch...  DBA>SQL|인터넷·IT·통신·모바일·게임>응용프로그래머>  Python"
https://kr.indeed.com/viewjob?jk=8d8becaac19b958f,모바일  운영서비스  빌드/배포/테스트  자동화  개발자,서울  마포구,정규직,"와  같은  컨테이너  기반  기술  이해  및  경험-  리눅스  환경에  대한  경험-  기본  스크립트  언어  경험  :  Python  /  Bash  /  Perl  등-  지속적  통합  (Jenkins,  Fastlane)  이해  및  경험-  소스형상관리..."
https://kr.indeed.com/viewjob?jk=06fe2b4d14f3ad0d,[R&D]  딥러닝  엔지니어,성남  분당구,정규직,"시스템  개발·  GPU  인프라  관리  및  최적화필수  경험과  역량·  하나  이상의  프로그래밍  언어에  능숙한  분(예:  Python,  C++,  Golang  등)·  머신러닝/딥러닝  모델을  서비스에  적용하고  운영해본  경험이  있는  분·  OS..."
https://kr.indeed.com/viewjob?jk=f748a8419b3d0018,Software  Engineer  (Platform  Team),서울,정규직,"하는  경험과  역량을  갖춘  분  다이나믹하고  애자일한  초기  스타트업에서  제품을  개발/출시한  경험이  있는  분  Python,  Go  언어  활용이  가능한  분  API  설계  및  구현  경험이  있는  분  Unit  test,  integration..."
https://kr.indeed.com/viewjob?jk=1821f45d4b71b3d8,클라우드  보안  엔지니어,서울  영등포구,,"화를  구현합니다.  자격  요건  AWS  환경에서  보안  환경을  구축하고  운영하신  경험이  있으신  분을  찾습니다.  Python,  Go  등  하나  이상의  프로그래밍  언어에  익숙해야  합니다.  다양한  문제에  대한  체계적인  원인  분석  및  해결..."
https://kr.indeed.com/viewjob?jk=2f4a4b2eb45a293c,[Global  AI]Backend  engineer,서울,"연봉  100,000,000원정규직","highly  self-motivated  and  collaborative  Python  developer  who  is  comfortable  owning...  Confident  with  Python,  Django..."
https://kr.indeed.com/viewjob?jk=679e7e7466c71a3e,Quantitative  Research  Intern,서울,인턴,languages  (C++  and  Python  preferred)  Able...  예정자  우수한  학업  성적  프로그래밍  언어에  익숙한  분  (C++  및  Python  선호)  영어로  의사소통이  가능하신  분  글로벌  금융  시장에  대해  배우려는...
https://kr.indeed.com/viewjob?jk=063bf8e8fc2de8d4,"Customer  Engineer,  Gaming,  Google  Cloud",서울  강남구,정규직,"Kotlin,  C#,  Python,  Perl...  Shell...  응용프로그래머>JAVA|인터넷·IT·통신·모바일·게임>응용프로그래머>  Python|인터넷·IT·통신·모바일·게임>응용프로그래머>C#|인터넷·IT·통신..."
https://kr.indeed.com/viewjob?jk=f0c7c08485085240,[마비노기모바일]  연구  개발  프로그래머,서울  강남구,정규직,"험을  풍성하게  할  기술  개발  작업에  참여합니다.-  머신러닝,  VR  등  신기술을  탐색,  실험합니다.-  C#,  Python,  Javascript  등  다양한  언어와  환경을  사용합니다.  인터넷·IT·통신·모바일·게임>게임(Game..."
https://kr.indeed.com/viewjob?jk=019a803c31b07724,Digital  Design  Engineer,서울,"연봉  35,000,000원  -  80,000,000원정규직","ㆍAlgorithm  development  experience  through  matlab/C++/  Python,  etc.  ㆍDeep  learning  based  RTL  design  experience  ㆍPeople  who..."
https://kr.indeed.com/viewjob?jk=89c23b02ca0b2a2a,Anti-Cheat  Developer,서울,,experience  as  a  software  engineer...  following  areas  :  C/C++  Python  Anti-cheat  solution/tool  development  Growth-oriented...
https://kr.indeed.com/viewjob?jk=d158e683dc0b7500,파이썬  개발자  초중급  이상,서울  서초구,정규직,전형  접수방법  채용시  접수방법:  인크루트  채용시스템  접수양식:  인크루트  이력서  기타  유의사항  입사지원서  및  제출서류에  허위사실이  있을  경우  채용이  취소될  수  있습니다.  인터넷·IT·통신·모바일·게임>응용프로그래머>  Python
https://kr.indeed.com/viewjob?jk=8d6a773105013ee1,"[리얼클래스]백엔드  개발자  (Backend  Developer,  Python)",서울  강남구,정규직,"본사  (서울시  강남구  테헤란로  509  NC타워,  10층)  인터넷·IT·통신·모바일·게임>웹프로그래머>백엔드|인터넷·IT·통신·모바일·게임>웹프로그래머>  Python|인터넷·IT·통신·모바일·게임>ERP·시스템분석·설계>AWS"
https://kr.indeed.com/viewjob?jk=f54bac6c78fd3240,코딩에  빠진  수퍼  개발자  (펌웨어  개발),성남  수정구,정규직,"학력무관직무기술:  펌웨어(Firmware),  Embedded  System  S/W  개발(판교)  c/c++,  Python  3  명  근무조건  고용형태:  정규직근무부서:  개발팀급여조건:  연봉  협의  후  결정  전형단계  및  제출서류  전형단..."
https://kr.indeed.com/viewjob?jk=43b8170abbb59f88,Python  백엔드  개발,서울  강남구,정규직,11명  회사주소  서울특별시  강남구  테헤란로  501  617호  누벤트  Python  백엔드  개발  모집부문  및  자격요건  모집부문  담당업무  자격요건  우대조건...  자격요건  및  우대사항]  -  python  기반  서비스  경험  -  하나  이상...
https://kr.indeed.com/viewjob?jk=7b89aebb86d5058d,[인텔리전스랩스]  데이터  분석가  (ML  서비스  및  로그  분석),경기도  성남,,"소통  최소화를  위한  대시보드  구성  및  개발  >  지표  추가  및  변경에  따른  대시보드  유지보수  지원자격  -  Python을  활용한  데이터  분석  경험  -  딥  러닝,  머신러닝에  대한  이론적  이해  -  원활한  협업  능력  및  자기주..."
https://kr.indeed.com/viewjob?jk=29428afc2051cb99,IT사업  경력/신입  사원,서울  구로구,정규직,통신·모바일·게임>웹프로그래머>  Python|인터넷·IT·통신·모바일·게임...  로그래머>머신러닝(ML)|인터넷·IT·통신·모바일·게임>응용프로그래머>  Python|인터넷·IT·통신·모바일·게임>응용프로그래머>증강현실(AR)|인터넷...
https://kr.indeed.com/viewjob?jk=ca5b2f6d10c6f5b2,[데이터  프로덕트]  MLOps  개발자,성남  판교역,정규직,"년  이상  또는  관련  분야  학위(석사/박사)  소지  ⁃  필수  언어/도구:  kubernetes,  docker,  python,  shell  script,  YAML,  git  #우대사항  ⁃  대용량  실시간  서비스  개발,  운영  경험이  있으..."
https://kr.indeed.com/viewjob?jk=60316b7ad62ed396,[11번가]  System  Engineer  분야,서울  중구,정규직,"이런  일을  합니다.[Linux,  IaC(  python,  java,  bash  등),  Private/public  Cloud,  Web/WAS/Cache/ELK  ]시스템엔지니어링  조직은  대용량  DBMS,  대규모  가상화  클러스터  및..."
https://kr.indeed.com/viewjob?jk=ac3ed9f0635e9bf2,"Software  Engineer,  Android  Connectivity",서울  강남구,정규직,"one  or  more...  following  languages:  C,  C++,  Java,  or  Python.Preferred  qualifications:5  years  of  experience  in  Android..."
https://kr.indeed.com/viewjob?jk=8d82ffc3587320ea,ML/DL  Data  Scientist,서울  영등포구,,"Kubernetes  기반  ML  파이프라인  개발/서비스  경험  -  AWS,  K8S  환경  내  모델링/개발  경험  -  Python  프로그래밍  숙련자  (주요  ML/DL  라이브러리,  프레임워크  사용  능력  포함)  -  딥러닝  기술  현업  적용..."
https://kr.indeed.com/viewjob?jk=bf926e1e103f39b1,[정보보안]  침해대응[매니저],대한민국,정규직,"비즈니스  영어  또는  중국어  가능하신  분  정보보안기사,  CISSP,  CISA  자격증  보유하신  분  개발  언어(  Python,  C,  C++,  C#,  Java  등)  사용  가능하신  분  원활한  의사소통  및  협업  역량  보유하신  분  전형단계..."
https://kr.indeed.com/viewjob?jk=62207843f8aee746,"[광고  추천]  데이터  사이언스,  머신러닝  전문가  영입",성남  판교역,정규직,"Learning)에  관한  지식과  경험이  풍부한  분  ⁃  하나  이상의  프로그래밍  언어에  능통한  분  (예,  Python,  R,  Java,  Scala,  C/C++,  Golang  등)  ⁃  석사학위  +  2년  이상  경력,  혹은  학사학위..."
https://kr.indeed.com/viewjob?jk=b3c3e8cf34bf9eca,Machine  Learning  Researcher  (Computer  Vision),서울,,"more  than  one  software  language  (ex:  C,  C++,  C#,  Java,  Python,  Javascript,  Matlab,  and  so  on.)  Applicants  must  have..."
https://kr.indeed.com/viewjob?jk=74dd680945a195f3,AI  Frameworks  Engineer  Intern,서울,임시직  +1,knowledge  of  deep  learning  technologies.  Programming  with  Python  or  Shell  script.  Education  Students  who  are  currently...
https://kr.indeed.com/viewjob?jk=5b5d23ae896ffd7f,(주)어반유니온  시스템엔지니어  (#복지빵빵  #자유로운분위기  #자율출퇴근제),서울  중구,"연봉  50,000,000원  -  60,000,000원정규직",Script를  제작  가능하신  분  -  Python을  이용하여  자동화를  구현할...  또는  PowerShell을  이용하여  Script를  제작  가능하신  분ㆍ  Python을  이용하여  자동화를  구현할  줄  아시는  분  00  명  근무조건  고용형태...
https://kr.indeed.com/viewjob?jk=d9ba1919964ab2d4,"[리얼클래스]시니어  백엔드  개발자  (Senior  Backend  Developer,  Python)",서울  강남구,정규직,통신·모바일·게임>웹프로그래머>백엔드|인터넷·IT·통신·모바일·게임>웹프로그래머>  Python|인터넷·IT·통신·모바일·게임>응용프로그래머>  Python|인터넷·IT·통신·모바일·게임>빅데이터·AI(인공지능)>  Python
https://kr.indeed.com/viewjob?jk=315e5c429d93e367,[재무지원그룹]  Oracle  ERP  FCM  운영,경기도  성남,,"2~7년  경력  우대사항  -  Report  Designer  개발  -  Javascrip,  Jquery,  Python  개발  기타사항  -  본  공고는  채용  완료  시  조기  마감될  수  있습니다.  -  서류  접수  이후  한  달  이내로..."
https://kr.indeed.com/viewjob?jk=51b4480aad895162,AI  영상처리  알고리즘  개발자,성남  분당구,정규직,"이론과  지식  보유  (필수)Deep  Learning,  Machine  Learning  활용  개발  역량  (필수)  Python,  C/C++  기반  영상  처리/분석  알고리즘  개발  역량  (필수)</  인터넷·IT·통신·모바일·게임>응용프로그..."
https://kr.indeed.com/viewjob?jk=8e60094702b4fe05,웹시스템  및  솔루션  분야  프로그래머  및  웹퍼블리셔,서울  금천구,정규직,"년  이하)학력사항:  대학(2,3년)졸업  이상직무기술:  웹프로그래밍,  웹개발,  자바,  JQUERY,  AJAX,  PYTHON,  리눅스,  SPRING,  JAVASCRIPT,  MYSQL,  MYBATIS,  응용프로그래밍,  응용프로그램..."
https://kr.indeed.com/viewjob?jk=d467657b9fac7fc9,[Data]  분석  데이터  엔지니어,성남  분당구,정규직,"3년  이상인  분·  Java,  Python  중  하나  이상의  언어에  익숙한...  응용프로그래머>JAVA|인터넷·IT·통신·모바일·게임>응용프로그래머>  Python|인터넷·IT·통신·모바일·게임>웹프로그래머>JAVA|인터넷·IT·통신..."
https://kr.indeed.com/viewjob?jk=5da0b2056f31f252,"고성능차량  주행성능  개발[연구원,  책임연구원]",대한민국,정규직,RSC/TV  등  샤시제어시스템의  다이나믹스  모델링  [고성능차  자율  주행  기술  개발]  Matlab  또는  Python  을  활용하여  자율  주행  제어  로직을  구성하고  머신러닝을  통한  자율주행  고도화  기술  개발  및  성능  평가...
https://kr.indeed.com/viewjob?jk=249c5409bfa9fe0e,"전동화  차량  샤시제어  개발[연구원,  책임연구원]",대한민국,정규직,"및  SW  개발  경험,  유관  분야  경진대회  수상자  Matlab  Simulink  등  공학  SW,  C/C++/  Python  프로그래밍  전형단계  서류전형  AI  Pre-interview  직무면접  종합면접  채용검진  및  입사  기타  지원서..."
https://kr.indeed.com/viewjob?jk=638b4678510536fd,"수소연료전지  품질  개발[매니저,  책임매니저]",대한민국,정규직,"재료,  신소재  계열  전공자  비즈니스  영어회화  가능자  우대사항  연료전지/배터리  분야  경험자  Matlab,  Python,  INCA  활용  가능자  전형단계  서류전형  AI  Pre-interview  직무면접  종합면접  채용검진  및  입사..."
https://kr.indeed.com/viewjob?jk=19f161e376c51680,[신용리스크모델링]  개인/개인사업자  신용평가모형  개발  및  운영  담당자,성남  분당구,정규직,"분·  데이터  처리  및  탐색적  분석에  어려움이  없고,  SAS/SQL/  PYTHON/R  등의  소프트웨어를  이용하여  모형  개발에  능숙한  분  우대사항  ·  머신...  게임>빅데이터·AI(인공지능)>  Python|인터넷·IT·통신·모바일·게임..."
https://kr.indeed.com/viewjob?jk=13ef6f86810c0843,"2022년  상반기  주식회사  쏘마  전  개발  직군  (백엔드,  프론트엔드  외  신입/경력  정규직)",성남  분당구,정규직,트엔드|인터넷·IT·통신·모바일·게임>웹프로그래머>  Python|인터넷·IT·통신·모바일·게임>응용프로그래머>C·C++|인터넷·IT·통신·모바일·게임>응용프로그래머>  Python|인터넷·IT·통신·모바일·게임>빅데이터·AI(인공...
https://kr.indeed.com/viewjob?jk=35c2ac41489508c1,NPU  런타임  SW  엔지니어,성남  분당구,"연봉  50,000,000원  -  150,000,000원정규직",통신·모바일·게임>응용프로그래머>인공지능(AI)|인터넷·IT·통신·모바일·게임>빅데이터·AI(인공지능)>  Python|인터넷·IT·통신·모바일·게임>빅데이터·AI(인공지능)>머신러닝|인터넷·IT·통신·모바일·게임>빅데이터·AI...
https://kr.indeed.com/viewjob?jk=6bf4082df7c99159,[글로벌디지털마케팅]  디지털  데이터  분석  및  운영  담당자  정규직,성남  분당구,정규직,"개발-  Python을  활용한  데이터  분석  경험-  ML을  활용한  구매예측  등  예측  모형  개발  및  활용  경험  [우대]-  Python을  활용한  데이터  분석  업무  경험-  Airflow,  FastAPI,  Python,  RDB  활용한..."
https://kr.indeed.com/viewjob?jk=016de9bb83a8032d,JR0186078  AI  Research  Engineer  Intern,서울,정규직  +1,"architectures,  and  optimization  strategiesProgramming  skills  with  Python/C++Experience  working  with  one  or  more  deep  learning..."
https://kr.indeed.com/viewjob?jk=e742db63ad7e269f,프론트엔드  개발자/디자이너/기획/마케터  정직원,성남  수정구,"연봉  30,000,000원  -  35,000,000원정규직",JAVA|인터넷·IT·통신·모바일·게임>웹프로그래머>백엔드|인터넷·IT·통신·모바일·게임>웹프로그래머>  Python|인터넷·IT·통신·모바일·게임>웹프로그래머>HDML|인터넷·IT·통신·모바일·게임>웹프로그래머>APM|인터넷...
https://kr.indeed.com/viewjob?jk=807cfa585cf72eec,네이버  파이낸셜  플랫폼  운영,성남  서현동,정규직,"Docker(kubernetes)  및  어플리케이션  배포  전략  지식  보유  -  Shell  script,  python  및  web  framework  등  기타  프로그래밍  언어  활용  가능  -  국가보훈대상자  및  장애인은  법령에  의거..."
https://kr.indeed.com/viewjob?jk=2642a83874ea6bab,"영상처리,  컴퓨터  비전  전문가  (신입/경력)",성남  수정구,"연봉  30,000,000원  -  35,000,000원정규직","인원  [담당업무]  Python,  C++,  MFC,  C를  이용하여  -  OpenCV  로  Visual  SLAM  개발-  MFC,  Python을  이용하여  GUI...  통신·모바일·게임>응용프로그래머>  Python|인터넷·IT·통신·모바일·게임..."
https://kr.indeed.com/viewjob?jk=a92b737cbbdf425f,[포티투마루]  인공지능(AI)  챗봇사업부  전  직군,서울  서초구,정규직,바일·게임>빅데이터·AI(인공지능)>인공지능(AI)|인터넷·IT·통신·모바일·게임>빅데이터·AI(인공지능)>  Python|인터넷·IT·통신·모바일·게임>빅데이터·AI(인공지능)>자연어처리|인터넷·IT·통신·모바일·게임>빅데이터...
https://kr.indeed.com/viewjob?jk=8e91aa6c93de1790,딥엑스  NPU  SDK  (DXNN)  개발  엔지니어,성남  분당구,"연봉  50,000,000원  -  150,000,000원정규직",통신·모바일·게임>빅데이터·AI(인공지능)>비전인식|인터넷·IT·통신·모바일·게임>빅데이터·AI(인공지능)>  Python|인터넷·IT·통신·모바일·게임>빅데이터·AI(인공지능)>머신러닝|인터넷·IT·통신·모바일·게임>빅데이터...
https://kr.indeed.com/viewjob?jk=686fb6e2f5db5298,IT  기획  인재,서울  구로구,정규직,용프로그래머>  Python|인터넷·IT·통신·모바일·게임>웹프로그래머>JAVA|인터넷·IT·통신·모바일·게임>웹프로그래머>  Python|인터넷·IT·통신·모바일·게임>빅데이터·AI(인공지능)>  Python|인터넷·IT·통신·모바일...
https://kr.indeed.com/viewjob?jk=f3b252243810377e,"(보충역)  개발자(python,  javascript,  php등)  및  Network운영자",서울,,모집부문  및  상세내용  공통자격요건  ㆍ학력  :  고등학교  졸업  이상ㆍ나이/성별  :  무관  개발  및  Network  운영ㅣ  2  명  인터넷·IT·통신·모바일·게임>게임(Game)>서버·네트워크개발
https://kr.indeed.com/viewjob?jk=e3317c0f4c0e4e13,[AI  R&D]  Language  AI(NLP)  Research  분야  수시(22년2차)  모집,성남  판교역,,"분  -  통계/Machine  Learning에  대한  이해와  활용  능력  및  text  처리  기술에  대한  경험  -  Python,  Java  등을  이용하여  NLP  기술을  구현  가능한  분  -  최신  기술(논문,  기술문서  등)을  습득하는..."
https://kr.indeed.com/viewjob?jk=53c7c22b9dacbbe3,서버  개발자  Python(Django)  Developer  (경력),서울  마포구,정규직,유관직무  경력자  우대  서버  개발자  Python(Django)  Developer...  있습니다.■  자격  요건  인터넷·IT·통신·모바일·게임>웹프로그래머>  Python|인터넷·IT·통신·모바일·게임>웹프로그래머>웹개발|인터넷·IT·통신...
https://kr.indeed.com/viewjob?jk=6cbf44a6c735ac03,[전사리스크관리]  ALM  리스크  관리업무  담당자,성남  분당구,정규직,"및  자본규제에  대한  이해가  있는  분  우대사항  ·  시장,  금리,  유동성리스크  시스템  구축  경험이  있는  분·  Python  /  R  등  데이터  분석언어  또는  데이터  분석도구  활용  경험이  있는  분·  경제학  또는  데이터분석  관련  학과..."
https://kr.indeed.com/viewjob?jk=fd781b9ceff1df86,GNSS/GPS  Positioning  Solution  Engineer,서울,"연봉  36,000,000원  -  60,000,000원정규직","MATLAB  -  Github  •  Programming  languages  -  Matlab,  Python,  and  C/C++  •  We’re  looking  for  someone  who...  familiar..."
https://kr.indeed.com/viewjob?jk=e7ec3543dbb3cdeb,[TmaxEdu/R&D]  Edu  연구  개발자,성남  분당구,정규직,"CSS,  JavaScript,  TypeScript  [Server  개발(사용  언어)]  -  Java,  Python,  SQL  [Framework(사용  언어)]  -  React.js,  Spring  [입사  지원  시  참고  사항..."
https://kr.indeed.com/viewjob?jk=6d86e9f32d31c84f,Data  분야  경력,서울,정규직,"해가  뛰어난  자  -  R,  Python,  SAS,  SQL  등  활용  역량  우대사항(해당  내용  중  1개  이상)  -  ML/DL  경험  인력  우대  -  관련  분야  석사  이상  학위  소지자  우대  -  R,  Python등  데이터분석  모델링  경험..."
https://kr.indeed.com/viewjob?jk=69841dcbaf5ae4a6,코미코  데이터  사이언티스트,성남  판교역,,"구축,  피쳐  발굴,  모델  튜닝,  결과  해석  등)  -  머신  러닝  및  데이터  분석  관련  언어,  라이브러리  (  Python,  R,  SQL  등)  능숙한  활용  -통계  ,  머신  러닝  등  관련  분야  (통계학,  산업  공학  등)  석/박사..."
https://kr.indeed.com/viewjob?jk=1ef73c112e60e702,'22년  8월  본부Staff(DX분야)  경력사원  (서울),서울  강서구,,"1.  직무  상세  -  Python  Front  End/Back  End  개발,Vision  AI  개발  2.  필수사항  -  해당  직무  개발  경험을  보유하신  분  3.  우대사항  -  구성원들과  원활한  커뮤니케이션  능력을  보유하신  분  -  학사..."
https://kr.indeed.com/viewjob?jk=1b43aff116704c72,컴파일러  엔지니어(딥엑스),성남  분당구,"연봉  80,000,000원  -  200,000,000원정규직",통신·모바일·게임>빅데이터·AI(인공지능)>비전인식|인터넷·IT·통신·모바일·게임>빅데이터·AI(인공지능)>  Python|인터넷·IT·통신·모바일·게임>빅데이터·AI(인공지능)>머신러닝|인터넷·IT·통신·모바일·게임>빅데이터...
https://kr.indeed.com/viewjob?jk=c75dc1bc4ae2c8ee,항공엔진  연구개발  경력직  채용,서울,,"우대사항  -  CFD  해석을  위한  전처리  작업  및  결과  분석  유경험자  (Catia,  NX,  ANSYS,  Python)  -  CFD  해석  코드  유경험자  (ANSYS  Fluent,  OpenFOAM,  Cantera)  -  케로신  또는..."
https://kr.indeed.com/viewjob?jk=b7e9e9d0811a05bd,Application  Engineering  Intern,서울,임시직  +1,1-2  semesters  left  for  graduation.  Familiar  with  C/C++/  python  programming  language.  Good  understanding  of  network...
https://kr.indeed.com/viewjob?jk=602c72f2cdb71d6c,[Project  MOD]  백엔드  개발자,경기도  성남,,"설계  및  구현  -  Kubernetes를  활용한  마이크로  서비스  개발  지원자격  -  C#,  Java,  Python  등을  활용해서  API  서비스  개발  경험이  있으신  분  -  네트워크  프로그래밍,  멀티  스레드  프로그래밍  경험이..."
https://kr.indeed.com/viewjob?jk=ab3f098792be3a27,(주)케이엠티엘  건설분야  R&D  병역특례(전문연구요원(영상관련  S/W  개발)),서울  구로구,정규직,"우대사항]컴퓨터비전,  인공지능  분야  전공자  소프트웨어  개발자(C#,  Python  등)  영상처리  기술  (OpenCV  활용기술  및  상용  Library...  통신·모바일·게임>응용프로그래머>  Python|인터넷·IT·통신·모바일·게임..."
https://kr.indeed.com/viewjob?jk=76d22ea987b5fa6e,[Cloud]  클라우드  엔지니어,성남  분당구,정규직,"립트  작성이  능숙한  분  (GO,  Python,  TypeScript  등)우대...  응용프로그래머>클라우드|인터넷·IT·통신·모바일·게임>응용프로그래머>  Python|인터넷·IT·통신·모바일·게임>ERP·시스템분석·설계>AWS|인터넷..."
https://kr.indeed.com/viewjob?jk=8af26b37623864c4,8퍼센트  개발자  (신입/경력),서울  종로구,정규직,개발  금융  데이터  분석과  분석  플랫폼  운영  자격요건  컴퓨터  전공자  또는  웹  개발  경력  1년  이상  우대사항  Python  코드를  무리  없이  읽으실  수  있는  분  Linux/Mac  사용  가능한  분  새로운  기술에  대한  호기심을  가지신...
https://kr.indeed.com/viewjob?jk=4d629fc25872003f,[SNOW]  렌더링  엔진  개발자,서울,,"팩토링,  디자인  패턴,  ReactiveX  활용  경험  -  Java,  Swift(Objective  C),  Lua,  Python  등  다양한  언어  경험  -  Computer  Graphics  이해  -  Image  Processing  이해..."
https://kr.indeed.com/viewjob?jk=3dc3c01d7b34255a,[SNOW]  렌더링  엔진  개발자,성남  분당구,정규직,"토링,  디자인  패턴,  ReactiveX  활용  경험  -  Java,  Swift(Objective  C),  Lua,  Python  등  다양한  언어  경험  -  Computer  Graphics  이해  인터넷·IT·통신·모바일·게임>응용프로그..."
https://kr.indeed.com/viewjob?jk=94fe8ab563069ced,[11번가]  빅데이터  처리  시스템  개발  분야,서울  중구,정규직,"비스  시스템  설계/개발/운영이런  분을  찾습니다.Java,  Scala,  Python,  R,  SQL등  언어를  이용한  개발  경력(3년  이상)을  보유하신  분...  로그래머>JAVA|인터넷·IT·통신·모바일·게임>응용프로그래머>  Python"
https://kr.indeed.com/viewjob?jk=9e154b5b00d09b31,Software  Engineer  -  Python  and  K8s,서울,,"we  are  building  a  new  community  around  Python  opscode  for  open  source  applications...  who  enjoy  Python,  have  a  passion..."
https://kr.indeed.com/viewjob?jk=bfdab41ec9b9469f,PM(서비스/개발),서울  영등포구,,"Data  Science  제반  지식,  AWS/GCP  등  Cloud  기반  서비스  관련  프로젝트  업무  경험  -  Python,  JAVA,  RESTAPI,  Database  등  개발  관련  언어/기술  이해  역량  우대  -  AWS,  GCP..."
https://kr.indeed.com/viewjob?jk=df0bb90702bee2ac,클라우드  기술지원  엔지니어,성남  판교역,,"Linux,  Windows  Server  트러블  슈팅  숙련자  -  2년  이상의  개발  경험자  (PHP,  Python  등)  -  아래  기술  분야  중  1개  이상의  풍부한  지식  및  운영  경험  보유자...  Open  Source..."
https://kr.indeed.com/viewjob?jk=e384cc49f5546b4c,"Customer  Engineer,  Data  Analytics,  Google  Cloud",서울  강남구,정규직,"writing  code  in  a  common  development  language  (e.g.,  Java,  Python,  JavaScript,  C++,  Scala,  R,  Go,  etc.).  인터넷·IT·통신·모바일·게임>ERP..."
https://kr.indeed.com/viewjob?jk=0d571c647c477c68,[선행기술원]  Virtual검증  _  검증/해석[책임연구원],성남  판교역,정규직,"CarMaker,ROS,  Autoware,  SUMO  중  1개  또는  유사  소프트웨어  활용능력을  보유하신  분  Python,  C  등  프로그램  활용  능력을  보유하신  분  Machine  /  Deep  Learning  활용  능력을  보유하신..."
https://kr.indeed.com/viewjob?jk=aac8e9355cb855ac,[인재풀]  아티스트  ART,서울,정규직,3D  Max등의  아트웍  툴  사용  경험  Max  script  또는  Mel  Script의  사용  경험  C#  또는  Python  언어에  대한  이해  및  활용  능력  아트웍  관련  툴  제작  또는  플러그인  제작  경험  Electronic...
https://kr.indeed.com/viewjob?jk=8a6b6ce0b31ec8d4,클라우드  분야  경력,서울,정규직,"가능하신  분  ②  인프라  운영에  필요한  기본적인  스크립트  작성  능력  보유  -  ShellScript,  Python,  Java  등  우대사항(해당  내용  중  1개  이상)  -  대용량  데이터베이스  운영  경험  -  OGG,  SharePlex..."
https://kr.indeed.com/viewjob?jk=44e944e8b8968bd6,CO2  and  Energy  Manager,성남  판교역,정규직,"Hubgrade  Center.  •  필수자격요건  -  5~10년  관련  경력  -  영어  중  이상  (외국인  매니저)  -  Python  또는  유사  프로그래밍  능력  -  서울  사무실  근무가능자로서  Site  출장  가능자  -  에너지,  환경..."
https://kr.indeed.com/viewjob?jk=1f871deda8bbb58f,[선행기술원]  AI  모델  데이터  최적화  기술[책임연구원],성남  판교역,정규직,보유  또는  박사학위  소지자)  최신  AI  기술에  대한  폭  넓은  이해  및  데이터  최적화  역량을  보유하신  분  Python/C/C++  등  S/W  활용  능력을  보유하신  분  TensorFlow/PyTorch  등  딥  러닝  프레임워크...
https://kr.indeed.com/viewjob?jk=5b676a0c896c276b,"Software  Engineer,  Linux  System",서울,정규직,"이슈  해결  자격  요건  컴퓨터  공학  관련  학사  학위  보유자  Python  또는  Go  언어로  시스템  데몬  및  microservice  개발  가능하신  분  Python,  Bash  등  스크립트  언어를  이용한  자동화에  능숙한  분  관련..."
https://kr.indeed.com/viewjob?jk=192c20f6f0f64ab3,[2022  전문연구요원]  AI  R&D  -  Language  AI,성남  판교역,,"기술을  서비스에  적용하기  위한  MLOps  플랫폼을  개발합니다.  지원자격  학력  :  석사  이상  필수조건  -  Python,  Java등  한  가지  이상의  컴퓨터  프로그래밍  언어를  활용할  수  있으신  분  -  머신러닝/딥러닝  기술에  대한..."
https://kr.indeed.com/viewjob?jk=a3d8e11b90f6c8f2,"Software  Engineer,  Android  Auto,  Platforms  &  Ecosystems",서울  강남구,정규직,"more  programming  languages:  Java,  C/C++,  C#,  Objective  C,  Python,  JavaScript,  or  Go.Interest  and  ability  to  learn  other..."
https://kr.indeed.com/viewjob?jk=3c6afe132c4ac77c,"자연어  처리,  인공지능,  데이터  사이언스  연구자  및  개발자",서울  서초구,"연봉  40,000,000원  -  50,000,000원정규직",모바일·게임>빅데이터·AI(인공지능)>데이터분석|인터넷·IT·통신·모바일·게임>빅데이터·AI(인공지능)>  Python|인터넷·IT·통신·모바일·게임>빅데이터·AI(인공지능)>자연어처리|인터넷·IT·통신·모바일·게임>빅데이터...
https://kr.indeed.com/viewjob?jk=3e31e1e9c95db3ed,[11번가]  금융플랫폼  Back-End  Server  개발  분야,서울  중구,정규직,니다.1.담당  직무[마이데이터  서비스  개발]  인터넷·IT·통신·모바일·게임>웹프로그래머>  Python|인터넷·IT·통신·모바일·게임>응용프로그래머>  Python|인터넷·IT·통신·모바일·게임>빅데이터·AI(인공지능)>  Python
https://kr.indeed.com/viewjob?jk=dc20047923ca6ee5,Consumer  Data  Executive,서울  영등포구,계약직,"SQL,  Javascript,  R...  Python,  Google  Analytics,  GTM  -  Familiarity  with  tobacco...  그래머>자바스크립트|인터넷·IT·통신·모바일·게임>웹프로그래머>  Python"
https://kr.indeed.com/viewjob?jk=99bfc57033706104,파수  2022년  하반기  신입/경력  공개  (1차),서울  마포구,정규직,통신·모바일·게임>웹프로그래머>  Python|인터넷·IT·통신·모바일·게임...  설계>딥러닝|인터넷·IT·통신·모바일·게임>빅데이터·AI(인공지능)>  Python|인터넷·IT·통신·모바일·게임>빅데이터·AI(인공지능)>딥러닝|인터넷...
https://kr.indeed.com/viewjob?jk=bf23d7aa5d7e8929,AI  데이터  엔지니어링  전문가,서울  중구,정규직,"Elasticsearch,  RDBMS(MySQL)  운영  경험  -  Python,  Java,  Scala  등  개발  숙련자  -  Linux  시스템  개발  및...  Hadoop)|인터넷·IT·통신·모바일·게임>응용프로그래머>  Python"
https://kr.indeed.com/viewjob?jk=4ae5eb5bb613a826,[클라우드플랫폼실]  System  Engineering팀  클라우드  엔지니어,서울  강남구,정규직,라우드|인터넷·IT·통신·모바일·게임>응용프로그래머>Linux|인터넷·IT·통신·모바일·게임>응용프로그래머>  Python|인터넷·IT·통신·모바일·게임>통신·모바일>플랫폼(VM)|인터넷·IT·통신·모바일·게임>ERP·시스템분석...
https://kr.indeed.com/viewjob?jk=9599ecb61b39136a,웹  스크래핑  개발자  영입,성남  분당구,정규직,로그래머>  Python|인터넷·IT·통신·모바일·게임>응용프로그래머>JAVA|인터넷·IT·통신·모바일·게임>응용프로그래머>  Python|인터넷·IT·통신...  코딩)|인터넷·IT·통신·모바일·게임>빅데이터·AI(인공지능)>  Python
https://kr.indeed.com/viewjob?jk=be6c1f03fa566f8e,추천  시스템  연구/개발,성남  판교역,정규직,"분야  석사  또는  박사  학위  소지자  적어도  하나  이상의  능숙한  프로그래밍  언어가  있으신  분  우대사항  Python,  C++,  GPU  프로그래밍  숙련자  TensorFlow,  PyTorch,  implicit  등  머신러닝/추천..."
https://kr.indeed.com/viewjob?jk=ad9c760fdec88af5,품질  신입  채용,서울  한강로2가,정규직,전면허  및  운전가능자  우대요건  -  산업공학과(통계  활용  능력)  -  품질경영기사  자격증  보유자  -  파이썬(  Python)  활용  가능자  -  엑셀  및  PPT  활용  능력  우수자  장항  전형절차  STEP.01  서류심사  -  STEP...
https://kr.indeed.com/viewjob?jk=e13c32ba4eff23da,패션고  추천모델링  연구  개발,성남  판교역,,"튜닝,  AB테스트,  결과  해석  등)  -  리눅스  환경에서  머신  러닝  및  데이터  분석  관련  언어,  라이브러리(  Python,  R,  SQL,  tensorflow  등)  능숙한  활용  -  통계,  머신  러닝  등  관련  분야(통계학,산업..."
https://kr.indeed.com/viewjob?jk=0edb2eb9346e0cae,"R&D  Engineer,  Staff",경기도  성남,,"EDA  Tools  development  Experience  in  scripting  languages  (bash,  Python,  TCL)  Design,  implementation  and  maintenance  of  new..."
https://kr.indeed.com/viewjob?jk=e98453c26cc07c3b,Staff  Data  Engineer  (Pricing  Competitor  Intelligence),서울,,"지보수  및  개선  자격  요건:  학사  이상의  컴퓨터  공학  또는  관련  학위  보유자로  총  경력  10년  이상인  분  Python,  Node.js,  Unix  shell  프로그래밍  가능한  분  데이터수집,  가공,  저장하는  파이프라인  설계..."
https://kr.indeed.com/viewjob?jk=824d7d9b39776e09,[TmaxTibero/기술]  DBMS  제품  QA,성남  분당구,정규직,"k8s,  aws  환경  기반  테스트  환경  구축  경험자  개발  경력자  -  Java(Spring),  Python  -  테스트  자동화  프레임워크  개발  경험자  -  JDBC  /  .Net(C#)  기반  단위  테스트  프로그램  개발  가능자..."
https://kr.indeed.com/viewjob?jk=c17577c26003e389,반도체  Global  Verification  Project  Manager,성남  분당구,정규직,"등)를  사용한  Verilog/System  Verilog,  디지털  시뮬레이션  및  디버깅  지식,  Perl,  Python  또는  이와  유사한  스크립트  언어  3)  선임  PCle  엔지니어  -  PCle의  모든  부분에  대한  정의,  설계..."
https://kr.indeed.com/viewjob?jk=547f3779e9910dfa,ITエンジニア,서울,"연봉  26,000,000원정규직","Webpack  -  B/E:  Java,  springframework,  javascript,  node.js,  python  3  *#_採用_基準*  -  書類選考、面接(WEB可能)  *#雇用形態*  -  正社員  *#給与*  -  経験・能力を..."
https://kr.indeed.com/viewjob?jk=e1d49946b7581e37,[선행기술원]  Quantum  Information[책임연구원],성남  판교역,정규직,"다양한  프로젝트  경험을  보유하신  분  양자  컴퓨터를  활용한  머신러닝,  딥러닝,  시뮬레이션  경험을  보유하신  분  Python,  C/C++,  cuQuantum  활용  능력을  보유하신  분  전형단계  지원서  접수  서류전형  1차면접  2차면접..."
https://kr.indeed.com/viewjob?jk=cd919aed133f6b4d,빅데이터분석  수시  채용,서울  을지로2가,정규직,"대사항]  -  빅데이터  분석  프로젝트  Leading  경력  -  보건의료  빅데이터  분석  경력  -  SAS,  R,  Python  등  프로그래밍  가능자  -  머신러닝/딥러닝  활용  예측모형  개발  -  보건의료빅데이터(건강보험심사평가원,  국민..."
https://kr.indeed.com/viewjob?jk=6d4c339f382395ab,Technical  Support  Engineering-AKS,서울,정규직,"script-based  development  environments  and  tools  (PERL,  Python,  Ruby,  PhP,  etc.)  •  Experience  in  Core  Linux  administration..."
https://kr.indeed.com/viewjob?jk=b74f68a04bfffecb,음성합성(TTS)  기술  전문가,서울  종로구,정규직,인터넷·IT·통신·모바일·게임>응용프로그래머>C·C++|인터넷·IT·통신·모바일·게임>응용프로그래머>  Python|인터넷·IT·통신·모바일·게임>네트워크·서버·보안>UNIX·LINUX계열  서버운영·관리|인터넷·IT·통신·모바일...
https://kr.indeed.com/viewjob?jk=8a72a54b3c4dd7c9,디지털융합사업  스마트테크부문  7월  정기,서울특별시,,"개발  경험  -  Java,  Python,  Lamda,  StepFuction...  우대  3.  우대사항  -  클라우드(AWS)  환경  개발  경험자,  Python  개발  경험자  Unity3D  개발  2년  이상  1.  담당업무..."
https://kr.indeed.com/viewjob?jk=87d09bda7b863fe5,[UMM]  Backend  Developer  (AI  Music  Generator  Platform),서울,정규직,rest  api  개발  nvidia  Triton  기반  웹서버  개발  [  지원자격  /  Qualification  ]  Python  혹은  node.js기반의  backend  개발  경험  3년  이상  있으신  분  AWS와  같은  클라우드  환경에...
https://kr.indeed.com/viewjob?jk=8cfd75acb1c8da0b,Backend  개발,서울  영등포구,,"및  Application  개발  경험?  -  Linux  활용  능력  -  Python  개발  경력  (3년  이상)  -  Airflow  DAG  기반  데이터/모델...  구축  및  istio  구축  경험  -  Python을  이용한  데이터  가공,  분석..."
https://kr.indeed.com/viewjob?jk=9d0aa83c1e8f086e,카카오  전사QA  모집,성남  판교역,정규직,"능력  보유  능동적이고  빠른  실행력  보유  [우대사항]  테스트  자동화  설계  경험자  혹은  스크립트  언어(  python,  java,  javascript  등)  가능자  다앙한  테스트  도구(Postman,  Appium,  Selenium..."
https://kr.indeed.com/viewjob?jk=e14f6427750a2e37,데이터  엔지니어  -  Global  Leading  Consulting  Firm,서울,정규직,통신·모바일·게임>빅데이터·AI(인공지능)>빅데이터|인터넷·IT·통신·모바일·게임>빅데이터·AI(인공지능)>  Python|인터넷·IT·통신·모바일·게임>빅데이터·AI(인공지능)>하둡(Hadoop)|인터넷·IT·통신·모바일·게임...
https://kr.indeed.com/viewjob?jk=b7404340e4697466,[주4.5일]  딥러닝  연구  개발자,서울  구로구,정규직,집부문  /  상세내용  사용  기술  ai/인공지능  pytorch  python  deeplearning  tensorflow.js  인터넷·IT·통신·모바일·게임>웹프로그래머>  Python|인터넷·IT·통신·모바일·게임>웹프로그래머>웹개발...
https://kr.indeed.com/viewjob?jk=544b2256bba22413,Data  Engineer  &  Scientist,서울  영등포구,,"Athena,  Google  Firebase/BigQuery  등)  -  Unix/Linux  환경  경험  -  3년  이상  Python/R/SQL/NoSQL  Scripting  Language  사용  및  협업  경험  우대사항  -  엔터프라이즈..."
https://kr.indeed.com/viewjob?jk=37ee68cd1c1bee29,2022년  이공계  여성  R&D  기반  예비창업  기초  교육,서울  강남구,정규직,통신·모바일·게임>빅데이터·AI(인공지능)>데이터분석|인터넷·IT·통신·모바일·게임>빅데이터·AI(인공지능)>  Python|인터넷·IT·통신·모바일·게임>빅데이터·AI(인공지능)>머신러닝|인터넷·IT·통신·모바일·게임>빅데이터...
https://kr.indeed.com/viewjob?jk=3c177bbc6292d9a8,데이터  분석가  정규직,서울  강서구,"연봉  30,000,000원  -  70,000,000원정규직","직무내용]  -  지원자격ㆍ경력  :  경력  1년  이상-  우대사항ㆍ  Python,  R  등  경험자ㆍ보유  자격(우대)  :  데이터분석  전문가,  데이터분석  준전문가,  빅데이터분석기사,  SQLP(SQL전문가),  SQLD(SQL개발자),  정보처..."
https://kr.indeed.com/viewjob?jk=595c1e4e65a2871b,2022년  상반기  SW엔지니어  및  신호처리엔지니어,서울  금천구,"연봉  34,000,000원  -  70,000,000원정규직","Digital  Signal  Processing지원자격ㆍ  신입/경력  ㆍ  성별무관ㆍ  개발언어  :C,  C++,  Python,  JAVA등  개발  경험우대사항ㆍAndroid  App  개발자ㆍLinux  BSP  경험자ㆍLinux  Server..."
https://kr.indeed.com/viewjob?jk=42781bed59a9be95,연구개발본부  채용공고,서울  삼성동,정규직,"이상  •  경력  :  5년  이상  [우대사항]  •  양산제품  IoT  Platform  개발  경험자  •  Java,  Python,  Javascrip  등을  활용하여  back-end  개발  경험자  •  다양한  Socket  통신  프로토콜  개발..."
https://kr.indeed.com/viewjob?jk=dd74559e6a845b5d,MLOps  Engineer,서울  중구,정규직,대한  기초적인  이해-  Java  /  Python  기반  백엔드  프로그래밍  경험...  데이터  모델  설계  등)  수행  경험-  웹  프론트엔드  개발  경험  또는  Python  기반의  머신러닝  프레임워크를  이용해  대용량  데이터  분석  경험  인터넷...
https://kr.indeed.com/viewjob?jk=26c133b0874ce9ce,[Cartier]  Data  Analyst,서울,,"Look  ML/SQL(upcoming  implementation),  Python  is  a  strong  plus.  Global  company...  writing,  R...  Python  programming..."
https://kr.indeed.com/viewjob?jk=51df90967b46e8f0,[외국계  스타트업  미소]  Business  Analyst,서울,정규직,통신·모바일·게임>빅데이터·AI(인공지능)>데이터분석|인터넷·IT·통신·모바일·게임>빅데이터·AI(인공지능)>  Python|인터넷·IT·통신·모바일·게임>데이터베이스·DBA>MySQL|인터넷·IT·통신·모바일·게임>데이터베이스...
https://kr.indeed.com/viewjob?jk=4c25d6649f8434a8,[외국계  스타트업  미소]  Business  Analyst  Intern  (정규직  전환형),서울,정규직  +1,통신·모바일·게임>빅데이터·AI(인공지능)>데이터분석|인터넷·IT·통신·모바일·게임>빅데이터·AI(인공지능)>  Python|인터넷·IT·통신·모바일·게임>데이터베이스·DBA>MySQL|인터넷·IT·통신·모바일·게임>데이터베이스...
https://kr.indeed.com/viewjob?jk=cdfd2d3169fac6f0,[데이터  프로덕트]  실험(A/B  Test)  분석가  모집,성남  판교역,정규직,"분석  등  전  과정에서  주도적으로  참여한  경험)  ⁃  통계적  가설  검정  방법론에  대한  지식  및  경험  보유  ⁃  Python,  R  등  분석용  프로그래밍  언어  하나  이상  활용  가능  #우대사항  ⁃  내외부  실험플랫폼  운영  경험  ⁃  하둡..."
https://kr.indeed.com/viewjob?jk=af44b5adefdd16f3,외국계  글로벌  -  물류  컨설팅  전문가,서울  영등포구,정규직,"-  연관  Industry  및  관련  업무  경험  보유자  -  분석  (R,  Python,  SAS,  JAVA  등),  시각화(Spotfire,  Tableau  등...  경험  보유자-  분석  (R,  Python,  SAS,  JAVA  등),  시각화..."
https://kr.indeed.com/viewjob?jk=5d851b91a8c9e8d2,[선행기술원]  Optimization[책임연구원],성남  판교역,정규직,"6년  이상  보유  또는  박사학위  소지자)  휴리스틱  알고리즘을  활용한  경로  최적화  경력을  보유하신  분  Python,  C/C++  SW활용능력을  보유하신  분  pruning,  simulated  annealing,  geneteic..."
https://kr.indeed.com/viewjob?jk=646a73fa5c463127,[선행기술원]  AI  학습  보안  기술[책임연구원],성남  판교역,정규직,이상  보유  또는  박사학위  소지자)  최신  AI  기술에  대한  폭  넓은  이해  및  사이버  보안  역량을  보유하신  분  Python/C/C++  등  S/W  활용  능력을  보유하신  분  TensorFlow/PyTorch  등  딥  러닝  프레임워크...
https://kr.indeed.com/viewjob?jk=028f37ec9f6509a9,게임  데이터  서비스/플랫폼  개발,성남  판교역,,"지표  분석  활동  -  Hadoop  에코시스템을  통한  데이터  수집,  처리  및  지표  분석  경험  -  Java,  Python,  Scala  중  최소  1가지  언어를  이용한  데이터  분석  및  소프트웨어  개발  역량  -  데이터  기반의  문제..."
https://kr.indeed.com/viewjob?jk=e764b919165b8d3e,데이터처리  플랫폼  개발자,성남  판교역,,"데이터  수집,  처리  및  지표  분석  경험  -  데이터  기반의  문제해결  역량  및  논리적  사고  -  Java,  Python,  Scala  중  최소  1가지  언어를  이용한  데이터  분석  및  소프트웨어  개발  역량  -  SQL을  이용한  데이..."
https://kr.indeed.com/viewjob?jk=bc5cb223961d5409,[11번가]  데이터  엔지니어  분야,서울  중구,정규직,"kafka,  Mongodb,  Python  기반의  pub  /  sub  처리...  있으신  분-  rdbms  데이터  설계  및  SQL  활용  능력이  있으신  분-  Python,  Shell,  Sql,  Procedure  등을  통한  데이터  처리와..."
https://kr.indeed.com/viewjob?jk=762f4670e39d3075,전산전문인력(~7/24),대한민국,,"Struts,  JSP,  Javascript,  CSS)  프로젝트  참여  경험  -  프로그래밍  개발(JAVA,  Python,  Go,  C)  경험  -  Database(Oracle,  MS-SQL  등)  관련  업무  지식  우대사항  -  금융..."
https://kr.indeed.com/viewjob?jk=ad695cb2c767be8b,AI  Research  Engineer  Intern,서울,임시직  +1,optimization  strategies.  Programming  skills  with  Python/C++.  Experience  working  with  one  or  more  deep  learning  frameworks...
https://kr.indeed.com/viewjob?jk=7f33e49257ed8f4d,[한컴그룹  계열사]  헬스케어  서비스  개발자(정규직),성남  분당구,정규직,"앱,  웹)  ㆍHTML,  CSS,  Ajax,  Java,  Javascript  능숙자  ㆍJava/Spring,  Python/Django  등의  프레임워크  능숙자  ㆍReact  native  /  Flutter(하이브리드앱  개발  프레임워크..."
https://kr.indeed.com/viewjob?jk=e0aade664e2448a0,"시스템개발실  (front-end,  back-end,  인공지능개발)",서울  강남구,정규직,"end  :  C,  Perl,  Python,  Java  *  기본적인  문제해결...  전처리,  분석을  통해  일반화된  알고리즘  도출  및  검증  -  자격조건  *  Python  언어  사용  능력  *  논리적인  문제  분석  및  해결  능력  *  기본적인..."
https://kr.indeed.com/viewjob?jk=26576e5d399219b1,"With  청년,  취업  Catch  Up  프로그램  참여자",성남  수정구,정규직,게임>빅데이터·AI(인공지능)>  Python|인터넷·IT·통신·모바일·게임...  터넷·IT·통신·모바일·게임>웹프로그래머>  Python|인터넷·IT·통신·모바일·게임>응용프로그래머>  Python|인터넷·IT·통신·모바일·게임>응용프로...
https://kr.indeed.com/viewjob?jk=33ed345e7c2a184b,[11번가]  전시  Backend  개발  분야,서울  중구,정규직,"2.  활용기술[서버  개발]-  Spring  Boot  2.x,  Spring  Cloud,  Reactor,  Python,  Node.js-  Oracle,  MongoDB,  MySQL,  Kafka,  Redis,  Spring  Cloud..."
https://kr.indeed.com/viewjob?jk=c84864913fef0259,[2022  전문연구요원]  AI  R&D  –  Applied  AI,성남  판교역,,문제를  논리적으로  Modeling할  수  있는  능력  -  기술  탐색  및  연구/문제  해결  능력  -  Python  언어에  능숙하신  분  2.  아래  기술  중  하나  이상의  기술을  보유하신  분  -  Recommendation...
https://kr.indeed.com/viewjob?jk=1364520e61a6ff32,"Software  Engineer,  Camera  3A",서울  강남구,정규직,"driver,  hal,  framework,  and  application.Experience  in  any  of  Python,  Halide,  and  Neon  programming.  About  the  job  인터넷·IT·통신·모바..."
https://kr.indeed.com/viewjob?jk=c759fe51adbc3ea1,SCM혁신  신입/경력  사원  공개채용,서울  신천동,정규직,"system  유경험자  및  다양한  데이터  분석  및  분석툴  활용  유경험자  우대(Power  BI,  Tableau,  Python,  Visual  Basic  등)  김천  상세보기  전형절차  -  지원서  접수  >  서류전형  >  직무적성..."
https://kr.indeed.com/viewjob?jk=3ba09aded3b7ac9e,HR  Data  Analytics  대리급,서울  여의도역,정규직,"6500만원  이하  -  국립대  수준  이상  학사  이상  •  우대사항  -  Data  분석  Tool  활용능력(R,  Python등)을  보유하신분  -  HR  PI(process  innovaction)업무  유경험자  -  HR  제도운영/데이터..."
https://kr.indeed.com/viewjob?jk=6007c9cc698a8384,[진행중]  AI사업부  전문직(인공지능(AI)  모델링(AI  알고리즘))  채용공고,서울  회현동,계약직,"중  한  가지  이상  충족)  -  AI  알고리즘  기반  모델  설계  및  서비스  기획  또는  운영  경험  보유  -  Python,  R  등  프로그래밍  활용  역량  보유  -  딥러닝  프레임워크(Tensorflow,  PyTorch  등)  기반..."
https://kr.indeed.com/viewjob?jk=00d8dfa6e69589e4,AI  기술  영상합성  Post  Processing  개발자,서울  중구,정규직,"기반의  영상인식기술  개발  경험  -  Python,  C/C++  기반  영상처리...  채화  스타일  등)[필수역량]  -  이미지  프로세싱  기술  개발  경험  -  Python,  C/C++  기반  영상처리  개발경험(3)  3D  모델링  기술  개발  업무..."
https://kr.indeed.com/viewjob?jk=87309d3ff40ead61,딥러닝  AI  개발  연구원,성남  수정구,정규직,시스템프로그래머>임베디드(Embedded)|인터넷·IT·통신·모바일·게임>응용프로그래머>C·C++|인터넷·IT·통신·모바일·게임>응용프로그래머>Linux|인터넷·IT·통신·모바일·게임>빅데이터·AI(인공지능)>  Python
https://kr.indeed.com/viewjob?jk=91d8474a5d6e2cb9,데이터  인프라  엔지니어  (데이터플랫폼팀),서울  성동구,정규직,게임>빅데이터·AI(인공지능)>빅데이터|인터넷·IT·통신·모바일·게임>빅데이터·AI(인공지능)>데이터분석|인터넷·IT·통신·모바일·게임>응용프로그래머>  Python|마케팅·광고·홍보·조사>조사·분석·통계>설문·리서치·모니터링
https://kr.indeed.com/viewjob?jk=1399ee2f387a27dd,카카오  전체의  계정  플랫폼을  만들  서버개발자  모집,성남  판교역,정규직,"를  사용한  웹어플리케이션  개발  하둡  에코시스템을  활용한  대용량  데이터  처리  Ruby  on  Rails,  Python  을  사용한  개발  Kafka,  Redis,  Elastic  Search  등을  활용한  개발  함께  성장하고  싶다면..."
https://kr.indeed.com/viewjob?jk=2b9e604e63e7e46d,[카카오커머스]  기술직군,성남  분당구,정규직,"우대사항  -  전자금융  감독규정,  PCIDSS에  대한  실무  경험이나  이해도가  높으신  분  -  JAVA,  Python,  shell  script  등  개발  역량을  갖추신  분  -  웹/앱  취약점  진단  및  모의해킹  역량을  갖추신..."
https://kr.indeed.com/viewjob?jk=2d887b3032ebc835,"Associate  Software  Engineer,  gReach  Program  for  Veterans  (보훈...",서울,정규직,"more  programming  languages  (e.g.,  Python,  C,  C++,  Java,  JavaScript,  etc.).  Ability...  C++,  Java,  C,  Python,  etc.).  Experience..."
https://kr.indeed.com/viewjob?jk=f0752e37b4561f8a,데이터분석가  -  Global  Leading  Consulting  Firm,서울,정규직,모바일·게임>빅데이터·AI(인공지능)>데이터분석|인터넷·IT·통신·모바일·게임>빅데이터·AI(인공지능)>  Python|인터넷·IT·통신·모바일·게임>빅데이터·AI(인공지능)>인공지능(AI)|마케팅·광고·홍보·조사>조사·분석...
https://kr.indeed.com/viewjob?jk=eb049045ae75e228,[Data]  백엔드  소프트웨어  엔지니어,성남  분당구,정규직,"대용량  데이터  처리  경험이  있는  분·  Hadoop  EcoSystem  기반의  다양한  솔루션  활용  경험이  있는  분·  Python,  Javascript,  Typescript  중  하나  이상의  언어에  익숙한  분·  ModelOps  또는..."
https://kr.indeed.com/viewjob?jk=e85487d0d81b009b,시스템보안  담당자  채용,서울  중학동,정규직,"경험  보유  우대사항  -  AWS,  Azure  등  클라우드  환경의  보안서비스  운영  경험자  -  Java,  Python  등  프로그래밍  언어  능숙자  근무조건  [근무조건]  -  근무형태  :  정규직  -  모집인원  :  명  -  근무지..."
https://kr.indeed.com/viewjob?jk=1a597a61e0e83b80,"Staff,  Data  Scientist  (Rocket  on-demand,  제트배송)",서울,,"위해  복잡한  SQL  쿼리를  작성하는  입증된  전문  경험  (R  또는  Python  선호)  방대한  규모의  데이터를  조작,  알고리즘/모델  개발에  필요한  Python/R/SQL  에  대한  프로그래밍  경험을  보유한  자  복잡한  정량  데이터를..."
https://kr.indeed.com/viewjob?jk=d83fc0dd2641f483,전문연구요원  (병역특례)  수시  (AI  /  SW  분야),성남  분당구,"연봉  40,000,000원  -  100,000,000원정규직",요구  능력]  -  ASM/C/C++/  Python  언어  코딩  기술  -  운영체제...  경험  -  Windows/Linux  상에서  C++/  Python  언어  사용  개발  경험  -  C++  /  Python  언어  사용  개발  경험  -  객체지향  설계에...
https://kr.indeed.com/viewjob?jk=f6d738766875bdb1,VIDEO  ENGINEER,서울,,"Software  Engineer  Experience  in  using  Python  and  related  frameworks  (Django,  Flask...  skill  level  with  Python,  Django,  and  REST..."
https://kr.indeed.com/viewjob?jk=f94fd2fd0e93cb5c,[데이터  프로덕트]  데이터  엔지니어  모집,성남  판교역,정규직,"엔지니어링  2년  이상  업무경험  보유자  ⁃  하둡  에코시스템의  전반적  이해를  바탕으로  ETL  가능하신  분  ⁃  python(필수),  java,  go,  bash  등  언어  중  하나  이상  활용  가능하신  분  ⁃  새로운  기술에  대한  관심이..."
https://kr.indeed.com/viewjob?jk=0c562829bc5f8209,[로민]  백엔드(Back-end)  개발자,서울  서초구,정규직,최적화를  담당합니다.빌드/배포  자동화  파이프라인을  구축합니다.로그  모니터링과  장애를  감지하여  대응합니다.  인터넷·IT·통신·모바일·게임>웹프로그래머>백엔드|인터넷·IT·통신·모바일·게임>빅데이터·AI(인공지능)>  Python
https://kr.indeed.com/viewjob?jk=41d1e4ce3b59c571,교원투어  7월  정기,서울특별시,,"홈페이지  리뉴얼  개발  지원  [필요역량]  개발언어:  java  (필수),  python  (우대)  개발프레임워크:  Spring  Framework  (필수...  요역량]  개발언어:  java  (필수),  python  (우대)  개발프레임워크..."
https://kr.indeed.com/viewjob?jk=5feffe0fc30e44eb,데이터  엔지니어  (Data  Engineer),서울  영등포구,,"Apache  Kafka  언어:  Python,  Scala,  Go  인프라...  필요합니다.  하나  이상의  백엔드  프로그래밍  언어(e.g.,  Go,  Python,  Scala,  Java)를  능숙히  활용하실  수  있으셔야  합니다.  클라우..."
https://kr.indeed.com/viewjob?jk=d05ef478cc8a9f08,MongoDB  담당자  영입,성남  분당구,정규직,자세히  보기-  카카오페이  크루가  일하는  방법  자세히  보기-  카카오페이  문화에  대해  더  알아보기﻿  인터넷·IT·통신·모바일·게임>데이터베이스·DBA>Oracle  DB|인터넷·IT·통신·모바일·게임>응용프로그래머>  Python
https://kr.indeed.com/viewjob?jk=303d8c644a5f2e0f,DNN  모델  개발  엔지니어,성남  분당구,"연봉  50,000,000원  -  150,000,000원정규직",통신·모바일·게임>빅데이터·AI(인공지능)>비전인식|인터넷·IT·통신·모바일·게임>빅데이터·AI(인공지능)>  Python|인터넷·IT·통신·모바일·게임>빅데이터·AI(인공지능)>머신러닝|인터넷·IT·통신·모바일·게임>빅데이터...
https://kr.indeed.com/viewjob?jk=508bdf77df4f3973,AI  차세대  알고리즘  개발  분야  경력,서울  서초구,정규직,"경험  및  역량  3년  이상의  제품  및  서비스를  위한  머신러닝  모델  개발  및  적용  경험  Java,  C++,  Python,  Pytorch  등의  풍부한  관련  언어  프로그래밍  경험  2년  이상의  하기  분야  중  1가지에  대한  경력  (1..."
https://kr.indeed.com/viewjob?jk=40e310eda5a03200,[선행기술원]  Machine  Learning[책임연구원],성남  판교역,정규직,"열을  전공하신  분  CNN,  R-CNN,  YOLO  등을  활용하여  Application  개발  경험을  보유하신  분  Python,  C/C++  이외에  아래  언어  중  1개  이상  사용  가능하신  분  -  TensorFlow  -  PyTorch..."
https://kr.indeed.com/viewjob?jk=a9261b8eecc61377,[진행중]  AI사업부  전문직(인공지능(AI)  모델링(자연어처리))  채용공고,서울  회현동,계약직,"이상  충족)  -  NLP,  TA(Text  Analysis)  등  자연어  처리  관련  프로젝트  경험  보유  -  Python,  R  등  프로그래밍  활용  역량  보유  -  딥러닝  프레임워크(Tensorflow,  PyTorch  등)  기반..."
https://kr.indeed.com/viewjob?jk=bfe0f5ac4f32ec89,추천  통계분석/데이터사이언티스트  모집,성남  판교역,정규직,"통계,  수학  관련  분야의  석사  또는  박사  학위  소지자  숙련된  데이터분석  능력  데이터  사이언스를  위한  언어(  Python/R)  를  하나  이상  능숙하게  다룰  수  있으신  분  분석  결과를  설득력있게  전달할  수  있는  분  우대사항..."
https://kr.indeed.com/viewjob?jk=f8b23027040c6b48,Applied  Machine  Learning  Engineer  (Recommendation),서울  중구,정규직,통신·모바일·게임>빅데이터·AI(인공지능)>데이터분석|인터넷·IT·통신·모바일·게임>빅데이터·AI(인공지능)>  Python|인터넷·IT·통신·모바일·게임>빅데이터·AI(인공지능)>머신러닝|인터넷·IT·통신·모바일·게임>빅데이터...
https://kr.indeed.com/viewjob?jk=23dba89edb8a10d9,UX  Researcher,대한민국,정규직,"검증해  본  경험이  있으신  분  유저  테스트/인터뷰  경험을  바탕으로  인사이트를  도출할  수  있으신  분  SQL,  Python,  R  등을  이용한  데이터  추출  및  가공에  대한  이해가  있으신  분  유저  데이터를  분석하여  이를  디자인의  근거..."
https://kr.indeed.com/viewjob?jk=891485cc2a8e6779,인공지능  솔루션  (AI  Solution)  개발,서울  서초구,정규직,Detection  등)  개발  경험•  Python  Library  사용  경험...  그래머>머신러닝(ML)|인터넷·IT·통신·모바일·게임>응용프로그래머>  Python|인터넷·IT·통신·모바일·게임>빅데이터·AI(인공지능)>인공지능(AI...
https://kr.indeed.com/viewjob?jk=1b3b2c40ebb04da6,[11번가]  리테일  Selection  Analyst  담당자,서울  중구,정규직,"3년  이상  (리테일  BM  및  직매입  상품  대한  이해도  필수)2.  Data  처리  및  분석을  위한  프로그래밍  (  Python,  SQL  등)  가능  3.  Market  Data  수집  /  활용  및  Insight  도출에  대한  프로세스  이해..."
https://kr.indeed.com/viewjob?jk=7c527063ea565afa,"Software  Engineer,  Korea",서울,정규직,"스템을  개발하며  운영합니다  로봇에서  수집되는  데이터  처리하며  프로세스  자동화  환경을  구축합니다  자격  요건  Python  개발  경력  3년  이상  혹은  그에  준하는  실력을  갖추신  분  기본적인  개발  능력  (알고리즘,  자료구조,  운영..."
https://kr.indeed.com/viewjob?jk=1b9ad641a0ee1b13,"Partner  Solutions  Engineer,  YouTube  (English,  Korean)",서울  강남구,정규직,"following:  Java,  Python,  PHP,  XML,  HTTP...  용프로그래머>자바스크립트|인터넷·IT·통신·모바일·게임>웹프로그래머>  Python|인터넷·IT·통신·모바일·게임>웹프로그래머>PHP  |인터넷·IT·통신..."
https://kr.indeed.com/viewjob?jk=661cf773d598862b,[신입]  미래  인재  DB,서울,정규직,"플랫폼  및  운영체제(Linux/RTOS  등)  이해  ㆍ마이크로컨트롤러  활용  경험/지식  [우대사항]  ㆍJAVA/  Python  활용  역량  ㆍ기능안전  ISO26262,  A-SPICE  프로세스  이해  ㆍHW  회로도  이해  및  분석  역량  ㆍ..."
https://kr.indeed.com/viewjob?jk=19da3484bd7a72f1,Machine  Learning  R&D  연구원,서울  서초구,정규직,"가능)  ㆍ최신  딥러닝,  기계학습  이론에  대한  이해  및  구현  역량  ㆍ  Python,  TnsorFlow,  C/C++,  TensorRT  등  프로그래밍  실무...  대한  이해  및  구현  역량  ㆍ  Python,  TnsorFlow,  C/C++..."
https://kr.indeed.com/viewjob?jk=df89a191c84f2995,[NAVER  Cloud]  MLOps  서비스  개발,성남  분당구,정규직,요역량]-  관련  경력  3년이상-  Python  또는  Spring  환경에  대한...  웹프로그래머>  Python|인터넷·IT·통신·모바일·게임>응용프로그래머>  Python|인터넷·IT·통신·모바일·게임>빅데이터·AI(인공지능)>  Python
https://kr.indeed.com/viewjob?jk=611b489cfbbea373,R&D  Software  Engineer:  Object  Trajectory  Prediction,서울,정규직,"experience  Fluent  python  and  C++  skills...  및  관련  분야  석사학위  이상  또는  이에  준하는  경력  소유자  C++,  python  프로그래밍  관련  숙련된  경력자  프로그래밍  및  알고리즘  설계에  대한..."
https://kr.indeed.com/viewjob?jk=0e3512b9b52480ed,[선행기술원]  AI  모델  경량화  기술  개발[책임연구원],성남  판교역,정규직,또는  박사학위  소지자)  최신  AI  기술에  대한  폭넓은  이해  및  딥  러닝  경량화  설계  역량을  보유하신  분  Python/C/C++  등  S/W  활용  능력을  보유하신  분  TensorFlow/PyTorch  등  딥  러닝  프레임워크...
https://kr.indeed.com/viewjob?jk=58bd4ff93649a8fe,CTI  분석  경력직,성남  분당구,정규직,접수방법...  Careers  (  인터넷·IT·통신·모바일·게임>웹프로그래머>  Python|인터넷·IT·통신·모바일·게임>빅데이터·AI(인공지능)>  Python|인터넷·IT·통신·모바일·게임>네트워크·서버·보안>컴퓨터보안
https://kr.indeed.com/viewjob?jk=78e77be539dbf026,[정보보안]  모의해킹[책임매니저],대한민국,정규직,"상의  경력을  보유하신  분  침투테스트  또는  RED  TEAM  업무  수행  경험이  있으신  분  개발  언어  사용  가능  (  Python,  C,  C++,  Java  등)  하신  분  보고서  작성,  논리적  사고,  협업  및  커뮤니케이션  역량을  보유하..."
https://kr.indeed.com/viewjob?jk=4efa60177012ab16,[Server]  DX/EX  플랫폼  솔루션/시스템  엔지니어,성남  분당구,정규직,"만  3년  이상인  분·  Java,  Spring  framework,  RDBMS,  Redis  등에  익숙한  분·  Python,  Node.js  등의  스크립트  언어의  경험이  있거나  익숙한  분·  Docker  컨테이너를  능숙하게  활용할  수..."
https://kr.indeed.com/viewjob?jk=e44ca82dfc83456c,[Engineering  Div.]  Data  Analyst  Intern  (체험형),서울  서초구,정규직  +1,"가진  분과  함께  성장하고  싶습니다!  (필수요건)  Knowledge  of  Python,  Spark  and  SQL  이런  경험들이  있다면  저희가  찾는  그...  통신·모바일·게임>응용프로그래머>  Python|인터넷·IT·통신·모바일·게임..."
https://kr.indeed.com/viewjob?jk=a0174d4b28f83aa4,[SuperLabs]  AI  개발자,성남  분당구,정규직,트렌드를  이해하고  개발  가능하신  분이  필요  합니다.<  인터넷·IT·통신·모바일·게임>응용프로그래머>C·C++|인터넷·IT·통신·모바일·게임>응용프로그래머>  Python|인터넷·IT·통신·모바일·게임>웹프로그래머>  Python
https://kr.indeed.com/viewjob?jk=035ff179dbf4f139,[Cloud]  Kubernetes  Engineer,성남  분당구,정규직,"운영  경력  5년  이상인  분·  Cloud  환경에서  서비스  구축  및  운영  경험이  있  는  분·  Golang,  Python,  Java,  Javascript  등  하나  이상의  프로그래밍  언어에  익숙한  분우대사항  ·  Kubernetes..."
https://kr.indeed.com/viewjob?jk=47964c73151dfaee,SW개발자  신입,서울  강남구,정규직,"자격요건  담당업무  자격요건  인원  [담당업무]-  응용  프로그램  개발-  Python,  LabVIEW,  C/C++,  C#  언어  활용-  제어/계측  프로그램...  Labview|인터넷·IT·통신·모바일·게임>응용프로그래머>  Python"
https://kr.indeed.com/viewjob?jk=07aab0cc98af9ffe,AI  Frameworks  Engineer,서울,정규직,experience  in  deep  learning  frameworks  Programming  with  Python  or  Shell  script  Experience  with  large-scale  software  projects...
https://kr.indeed.com/viewjob?jk=b96f47b94d8b88a4,Data  Scientist  신입  채용,서울  역삼동,정규직,"우순순위에  따른  다양한  모델  개발(ex:  수요예측,  추천/랭킹시스템,  가격최적화)  자격요건  •  R/  Python  기반  로그성  데이터  분석과  모델  개발  경험이  있으신  분  •  통계학,  머신러닝  관련  내용을  이해하고  활용가능..."
https://kr.indeed.com/viewjob?jk=c35e9b72a11aa338,[신입/경력]  의료영상/음성인식/생체신호  연구원,서울  서초구,정규직,게임>빅데이터·AI(인공지능)>인공지능(AI)|인터넷·IT·통신·모바일·게임>빅데이터·AI(인공지능)>딥러닝|인터넷·IT·통신·모바일·게임>응용프로그래머>C·C++|인터넷·IT·통신·모바일·게임>응용프로그래머>  Python
https://kr.indeed.com/viewjob?jk=c823987791ca2ef0,데이터  분석  /고객  분석,서울  영등포구,정규직,이터마이닝|인터넷·IT·통신·모바일·게임>웹프로그래머>웹개발|인터넷·IT·통신·모바일·게임>웹프로그래머>JAVA|인터넷·IT·통신·모바일·게임>웹프로그래머>  Python|인터넷·IT·통신·모바일·게임>응용프로그래머>  Python
https://kr.indeed.com/viewjob?jk=5ea9ea023c6ccc03,"S/W  엔지니어,  데이터분석  신입/경력  정규직,  인턴",성남  분당구,정규직  +1,"케이션  제작  및  유지보수  업무-  Python,  Golang,  QT  중  선택...  2.  시스템프로그래머-  Python,  Golang,  QT  중  선택  가능3.  영상데이터  분석  및  모델링-  python기반  영상데이터  분석  및  모델링..."
https://kr.indeed.com/viewjob?jk=554e814302b8a380,딥러닝  통한  인공지능  솔루션  개발자,서울  송파구,"연봉  40,000,000원  -  50,000,000원정규직",무관  (신입도  지원  가능)ㆍ기계학습과  딥러닝에  대한  전문  지식을  갖추고  관련  프로젝트  경험이  있으신  분ㆍ  Python  기반의  머신러닝  프레임워크  사용  경험이  있으신  분ㆍ딥러닝  기반의  인공지능  솔루션  개발  경험이  있으신  분  1...
https://kr.indeed.com/viewjob?jk=7ad982fec3792221,[외국계상장사]데이터분석가(Data  Analyst),서울  강남구,정규직,데이터·AI(인공지능)>빅데이터|인터넷·IT·통신·모바일·게임>빅데이터·AI(인공지능)>데이터분석|인터넷·IT·통신·모바일·게임>빅데이터·AI(인공지능)>  Python|인터넷·IT·통신·모바일·게임>빅데이터·AI(인공지능)>R
